Workbook
Name A: #REF!
Name A: #REF!
Name A: #REF!
Name A: #REF!
Name A: #REF!
Name A: #REF!
Name HD: #REF!
Name HD: #REF!
Name HD: #REF!
Name HD: #REF!
Name HD: #REF!
Name HD: #REF!
Name HD: #REF!
Name 레시피: #REF!
Name 레시피: #REF!
Name 레시피: #REF!
Name 레시피: #REF!
Name 레시피: #REF!
Name 레시피: #REF!
Name 레시피: #REF!
Name 색상명: #REF!
Name 색상명: #REF!
Name 색상명: #REF!
Name 색상명: #REF!
Name 색상명: #REF!
Name 색상명: #REF!
Name 색상명: #REF!
Name 잉크명: #REF!
Name 잉크명: #REF!
Name 잉크명: #REF!
Name 잉크명: #REF!
Name 잉크명: #REF!
Name 잉크명: #REF!
Name 잉크명: #REF!

Sheet 사출계획
C2: 주간 사출 생산 계획
C5: 국내/ 스타비젼 | E5: SOUL BROWN | F5: JAZZ BLACK | G5: RHAPSODY | H5: LATIN | I5: SUZY G | J5: NELLY BROWN | K5: IRIS2 Sheer | L5: IRIS2 Veil | M5: IRIS2 Orange | N5: Ice gray | O5: ALICIA BROWN | P5: BLUE MOON | Q5: SUZY BROWN | R5: Astra Estelle Brown | S5: Astra Estelle Gray | T5: Astra Glitter | V5: 아이리스
E6: HALO BROWN | F6: HALO GRAY | G6: MOCHA BROWN | H6: CRYSTAL GRAY | I6: CHOCO BROWN | J6: 세라믹소울 | K6: 세라믹랩소디 | L6: 세라믹수지그레 | M6: 블루라이트 | N6: 세라믹라틴 | O6: 세라믹수지브라운 | P6: 세라믹째즈 | Q6: NOX GRAY | R6: DAWN NAVY | S6: ROSY BROWN(액상) | T6: MOCHA BLACK
E7: PURE CHOCO(액상) | F7: SHINY BROWN(액상) | G7: ALICIA BROWN TORIC | V7: 아이리스
C8: 피아 | E8: Natural black | F8: veil brown | G8: Ash brown(UV) | H8: almond brown | I8: old fashion | J8: milky gray | K8: Baby baby | L8: Cream nuts | M8: Water water | N8: cream beige | O8: cream grage | P8: PIA CHOCO | Q8: Skin beige | R8: Skin grage | S8: Skin Nude | T8: Fruite Punch | V8: 피아
E9: Layer Almond | F9: Layer Mist | G9: Layer Marron | H9: Virgin Cocoa | I9: Naked Rain | J9: Coconut | K9: Hot Chocolate | L9: Matcha Latte | M9: Lemonade | N9: Sheer Black | O9: Sheer Brown | P9: Olive Brown | Q9: Cappuccino | R9: Espresso | S9: Shiny Brown | T9: Lassie | V9: 피아
E10: Cider | F10: DATE TOPAZ | G10: HONEY AMBER | H10: Strawberry Quartz | I10: Lapis Lazuli | J10: PIA-OPAL | K10: PIA-PERIDOT | L10: CORAL BROWN | M10: SAKURA PETAL | N10: DAZZLE BEIGE | O10: MIRROR GRAY | P10: TINT BROWN | Q10: YAKISOBAPAN | R10: SABATEISHOKU | S10: DAZZLE GRAY | T10: TORIC(난시) | V10: 피아
E11: Airy BEIGE | F11: CHESTNUT | G11: TULLE BROWN | H11: CAFE MOCHA | I11: GREGE QUARTZ | J11: Amethyst | K11: Pearl Cats eye | L11: CITRINE | M11: HOJICHA LATTE | N11: TAMA KONNYAKU | O11: SMOKEY BEIGE | P11: SMOKEY GRAY | Q11: RUSTY BEIGE | R11: RUSTY GRAY | S11: RUSTY BEIGE(M) | T11: RUSTY GRAY(M) | V11: 피아
E12: RUSTY BROWN(M) | F12: FLAMINGO(M) | G12: OCEAN(M) | H12: MARIGOLD(M) | I12: DATE TOPAZ TORIC | J12: HAPPINESS CH | K12: KISS ME BROWN | L12: SECRET SHINE | M12: Prism gray | N12: DATE TOPAZ TORIC | O12: BROWN FONDUE | P12: SUGAR DONUT | Q12: Jelly Gray | R12: caramel souffle | S12: AIR GRAY | T12: PALM GREEN | V12: 피아
E13: TEDDY BROWN | F13: Strawberry quartz toric | G13: NUDIE BEGIE | H13: SAKURA SMORE | I13: MELTY MIST | J13: SMOKY QUARTZ | K13: GARNET | L13: TWIN TOPAZ | M13: OPAL TORIC | N13: AFFOGATO 55% | O13: COFFEE JELLY | P13: MELON PAN | Q13: ZUNDA MOCHI | R13: Churun chocofrappe | S13: Kyurukyuru darkmocha | T13: Fuwafuwa cappuccino
E14: Pururun Sodafloat | F14: MINI JEJE BROWNZE | G14: NEW ALMOND B | H14: Cinnamon Brown | I14: MAPLE MILKTEA | J14: POMME CANELE | K14: MELLOW STRAWBERRY | L14: CRYSTAL BLOOM | M14: RUTILATED DROP | N14: LADY BLACK | O14: LAIR PINK | P14: IDOL RING | Q14: HEROINE BROWN | R14: DAZZLE GRAY | S14: BROWN FONDUE TORIC | T14: TIRAMISU RING | V14: 피아
E15: SAKURA MOUSSE | F15: DOLLISH GRAY | G15: DOLLISH BROWN | H15: BUBBLE BLUE | I15: BROWN BUNNY | J15: GLOW BROWN | K15: CREAM ROSE | L15: DORAYAKI | M15: GEMHOUR | N15: TEMPURA | O15: ROSY BROWN | P15: SEPIA MOOD | Q15: CLASSIC BROWN | R15: MOON BROWN | S15: LASSIE NEO | T15: LADY MAUVE | V15: 피아
E16: SUEDE BEIGE | F16: BROWN CHOU | G16: LATTE PEARL | H16: COCO TOPAZ | I16: MOCHA RING | J16: SILKY PEARL | K16: COTTON RING | L16: MELADY BROWN | M16: UMI | N16: PURE NUDE | O16: SAKANA | P16: TARTE TATIN | Q16: FRUIT PUNCH NEO | R16: CINNAMON BROWN TORIC | S16: BLUEBERRY JAM | T16: KOALA GRAY | V16: 피아
E17: ALMOND BROWN TORIC | F17: SECRET TUTU BROWN | G17: OOLONG TEA | H17: BRULEE BROWN | I17: WHIP BROWN | J17: SMORE RING BROWN | K17: DARK PEONY(액상) | L17: HEAVEN SKY | M17: NIGHT SPARK | N17: BAD GIRL | O17: SPICY QUEEN | P17: UNIFORM BLACK | Q17: SALTY DONUT | R17: COCO TRUFFLE | S17: UNIFORM BLACK(M) | T17: DREAM GRAY | V17: 피아
E18: DARK PEONY | F18: DAZZLE GRAY TORIC | G18: GEM CHOCOLAT | H18: DOLLISH BROWN TORIC | I18: TARTE TATIN(M) | J18: DAZZLE GRAY(액상) | K18: ALMOND POODLE | L18: HONEY SODA | M18: TWINKLE BROWN | N18: PINK BOMB | O18: BRULEE PEARL | P18: MOON MELT BROWN | Q18: STAR GLOW | R18: PRINCESS CHOCOLAT | S18: CAT PEARL | T18: SUNNY BEAR | V18: 피아
E19: TRUFFLE GRAY | F19: MOCHA POWDER | G19: LOVE CACAO(액상) | H19: SUGAR PEARL | I19: DOLLISH GRAY(액상) | J19: BROWN BUNNY TORIC | K19: MELTY BUTTER | L19: MARIA RING | M19: SUGAR RIBBON(액상) | N19: CHOCO RIBBON(액상) | O19: STARFLARE GRAY(액상) | P19: STARFLARE BEIGE(액상) | Q19: JELLY QUARTZ(액상) | R19: ICONIC BROWN(액상) | S19: ICONIC GRAY(액상) | T19: DAYGLOW GRAY(액상)
E20: DAYGLOW BROWN(액상) | F20: SUGAR RIBBON_M(액상) | G20: MERMAID RING | H20: BABY ESPRESSO TORIC | I20: DOLLISH GRAY TORIC(액상) | J20: COFFEE JELLY TORIC(액상) | K20: GRAY BUNNY(액상) | L20: CHERISH BROWN(액상) | M20: CHOCO MIST(액상) | N20: CHAI CAFÉ(액상) | O20: BROWN BUNNY(액상) | P20: PINK BOMB(액상) | Q20: COFEE JELLY(액상) | R20: SAKURA SMORE(액상) | S20: TWINKLE BROWN(액상) | T20: AFFOGATO(액상) | V20: 피아
E21: DARK PEONY(액상) | F21: COFFEE JELLY(액상) | G21: MINI COFFEE JELLY(액상) | H21: DAZZLE BEIGE(액상) | I21: BABY ESPRESSO | J21: CHAMPAGNE PARTY(액상) | K21: CRYSTAL PARTY(액상) | V21: 벨라
C22: BELLA | E22: Ocean Blue | F22: Hazel Beige | G22: Radiant Hazel | H22: Citrine Crystal | I22: Bluish Gray(B) | J22: ALMOND BROWN(B) | K22: Platinum GRAY(B) | L22: ASH BROWN(B) | M22: ROSEWOOD | N22: HAZEL HONEY | O22: PINE | P22: BOB GRAY | Q22: VENUS | R22: EARTH | S22: MARS | T22: SIREN BRONZE(액상) | V22: 벨라
E23: NERELLE(액상) | F23: SILENT GRAY(액상) | V23: 렌즈미
C24: LENS ME | E24: Real Some Brown | F24: Real Some Choco | G24: REALFIT BROWN | H24: REALFIT GRAY | I24: YOUSON_BLACK TORIC(액상) | J24: YOUSON_BROWN TORIC(액상) | V24: 렌즈타운
C25: LENS TOWN | E25: Lighly Gray | F25: Lighly Brown | G25: Lighly Pure Gray | H25: Lighly Pure Brown | I25: Lighly Rose Gray | J25: Lighly Rose Beige | K25: Lighly Rose Rose | L25: Lighly Rose Khaki | M25: Lighly Rose Berry | N25: Lighly Rose Cacao | O25: LIGHLY CREAMY D_BLACK | P25: LIGHLY CREAMY D_ROSE | Q25: LIGHLY CREAMY D_GRAY | R25: LIGHLY CREAMY D_CHOCO | S25: LIGHLY CREAMY D_BROWN | V25: 프롬아이즈
C26: FROMEYES | E26: Lady Doll | F26: Mocha Brown | G26: Lady Pearl | H26: MilkTea Ash | I26: Silhouette Camel | J26: Gauss Chocolate | K26: Clear Beige | L26: Sweet Brown | M26: Airy Olive | N26: Brown Grege | O26: Chiffon Navy | P26: Clear Gray | Q26: Caramel Brown | R26: Dark Mint | S26: Cacao Brown | T26: Clear Beige Coral | V26: 프롬아이즈
E27: (New) Gauss 1DAY | F27: CREAM SPOON | G27: CARAMEL GRAGE | H27: clear beige coral mini | I27: clear beige mini | J27: MERRY TIARA | K27: PINK RABBIT | L27: JEWEL TREE | M27: JEWEL BERRY | N27: MELTING BROWN | O27: ASH GRAY | P27: CREAM VANILLA | Q27: COOL GRAY | R27: ORI ICE MUFFIN | V27: 호야
C28: 호야/아이키니 | E28: Casual Ash | F28: Aurora Gray | G28: Maquia Brown | H28: Noble Ash | I28: KYNY Brown | J28: KYNY Gray | K28: KYNY Light Gray | V28: 알콘
C29: ALCON | E29: ALLURE GRAY | G29: ALLURE HAZEL | H29: JEWEL GOLD | I29: JEWEL Black | J29: CHIC CARAMEL | K29: CHIC SMOKE | L29: satin maple | M29: ALLURE BLUE | V29: 알콘
C30: GEMHOUR | E30: ROSY BROWN | F30: BROWN(잼아워) | G30: GRAY(잼아워) | H30: LIZ BROWN | I30: GRETA BLACK | J30: LIA CHOCO | V30: 신시아
C31: Sincere | E31: Platinum GRAY | F31: HAZELNUT | G31: SIRIUS MISTY | H31: HIGHLIGHTER | I31: HOLOGRAM SHELL | J31: SUGAR MINT | K31: LAVENDER NUDE | L31: SILKY GINGER | M31: SUNGLOW RING | N31: MYSTIC BROWN | O31: OPAL GRAY | P31: CAFÉ NOIR | Q31: COSMIC LATTE | R31: COPPER ASH | S31: LUNA MAUVE | V31: 신시아
E32: ASH BROWN(S) | F32: RUSSIAN GRAY | G32: WATER BROWN | H32: PINK BROWN | I32: RED BROWN | J32: HAPPINESS CH | K32: HAZEL | L32: BROWN BEIGE | M32: SKY GRAY | N32: VENUS BELT | O32: KHAKI BROWN | P32: DOLLY BROWN | Q32: FLOWER BROWN | R32: SHINY BROWN(D) | S32: GREGE GRAY | T32: JELLY CORAL | V32: 신시아
E33: ENNUI GRAY | F33: NEUTRAL BROWN | G33: SHINY BROWN(D) | H33: AIR BEIGE | I33: LITTLE BROWN | J33: CHAI HOOP | V33: 피아 M
C34: PBT-PIA | E34: DAZZLE BEIGE(PBT) | F34: DAZZLE GRAY(PBT) | G34: CORAL BROWN(PBT) | H34: MIRROR GRAY(PBT) | I34: TINT BROWN(PBT) | J34: SAKURA PETAL(PBT) | K34: TANGERINE TEA(PBT) | L34: PEACH CRUSH(PBT) | M34: SAKURA SMORE(M) | N34: DARK PEONY(M) | O34: PUREE GREIGE | P34: DOLLISH GRAY_M | Q34: DOLLISH BROWN_M | R34: SKIN NUDE CHOCO_M | S34: COFFEE JELLY(M) | T34: AFFOGATO(M) 38% | V34: 피아 M
E35: BROWN BUNNY(M) | F35: DREAM GRAY (M) | G35: TIRAMISU RING(M) | H35: OOLONG TEA(M) | I35: PINK BOMB(M) | J35: TWINKLE BROWN(M) | K35: ALMOND POODLE(M) | L35: BRULEE PEARL(M) | M35: MELTY BUTTER(M) | N35: SUGAR PEARL(M) | O35: DATE TOPAZ(M) | P35: GARNET(M) | Q35: Water water(M) | R35: SKIN BEIGE(M) | S35: CREAM ROSE(M) | T35: STRAWBERRY QUARTZ_M | V35: 피아 M
E36: IDOL RING(M) | F36: LADY BLACK(M) | G36: JELLY QUARTZ_M(액상) | H36: PRINCESS CHOCOLAT_M | I36: CHOCO RIBBON_M(액상) | J36: MOCHA RING(M) | K36: GRAY BUNNY M(액상) | L36: CHERISH BROWN M(액상) | M36: CHAI CAFÉ M(액상) | N36: CHOCO MIST M(액상) | V36: 부티크
C37: Vision Boutique | E37: BASIL GREY | F37: STYLISH GREY | G37: OLIVE GREEN | H37: DEEP BLUE | V37: 포인룩
C38: 4INLOOK | E38: MIDU BROWN | F38: LITTLE NEW B | G38: LITTLE NEW G | H38: LOVE GRAY | I38: LOVE BROWN | J38: LADY Q GRAY | K38: LADY Q BROWN | L38: HELLO KITTY BROWN | M38: HELLO KITTY GRAY | V38: 소로티카
C39: SOLOTICA | E39: ARARA BLUE | F39: CAMBUCI GREEN | G39: BOSSANOVA GRAY | H39: BELEZA GRAY | I39: DANDARA HAZEL | J39: AMAZONIA | V39: O2O2
C40: O2O2 | E40: NATURAL BROWN EX | F40: NATURAL GRAY EX | G40: NATURAL CHOCOLAT EX | H40: MYSTI KHAKI EX | I40: MYSTI GRAY EX | J40: Sepia choco EX | K40: ash gray EX | L40: CHAMPAGNE PARTY(액상) | M40: BL HAZEL EX | N40: BL ROSE EX | O40: SOUL BROWN EX | P40: SEPIA CHOCO TORIC | V40: 아이큐
C41: 아이큐 | E41: ICE GRAY girl | F41: BABY RING | G41: AK BROWN | H41: MILK CHOC | I41: LOVE IS YOU | J41: LOVE ME TRUE | K41: LET ME GO | L41: LOVE ME TENDER | M41: SWEET CHOCO | N41: SNOW WINK | O41: GLOSS MOON | P41: CRYSTAL OLIVE | Q41: FOXY AMBER | R41: LOVE YOURSELF | S41: PINK CHOC | V41: 아시아 네트윅스
C42: ANW | E42: Style gray | F42: SPICY GRAY | G42: BITTER BROWN | H42: PINK OPAL | I42: INDIGO ASH | J42: DEAR BROWN | K42: Vesta Beige | L42: HAZEL BEIGE AC | M42: SUNNY HAZEL | N42: THROUGH BEIGE | O42: ACID HAZEL | P42: ART GRAY | Q42: AMBER BROWN | R42: CRÈME BROWN | S42: ANW DUSK BROWN | T42: DUSK BEIGE | V42: 아시아 네트윅스
E43: ANW_First love Kristin | F43: OVE TORIC T1 | G43: BAM BROWN(M) | H43: ANW_OLIVE | V43: 기타
C44: 기타 | E44: amarllis black | F44: Iris brown | G44: rose brown | H44: poppy brown | I44: mimosa | J44: anemone | K44: carina brown | L44: venere brown | M44: fresca gray | N44: S_Pearl Gray | O44: S_GREEN | P44: S_BLUE | Q44: S_CHOCO | R44: OVE L1 | S44: OVE L2 | T44: OVE L3
C45: 하파크리스틴 | E45: Dusk Brown | F45: CREME BROWN | G45: CRUSH BROWN | H45: ANTIQUE B | I45: HOT PEACH TEA | J45: Glazed kristin CH(근시) | K45: Glazed choco toric | L45: HAPA_First love kristin Brown 55% | M45: BAM BROWN | N45: First Love Kristin GRAY | O45: COSMO KRISTIN GRAY | P45: COSMO KRISTIN CHAMPAGNE | Q45: COSMO KRISTIN OLIVE | R45: COSMO KRISTIN BROWN | S45: BEIGE(액상) | T45: ASH CHOCO(액상) | V45: 하파크리스틴
E46: SUGAR PLUS GRAY(액상) | F46: HAPA_FIRST LOVE KRISTIN BROWN 38% | G46: ASH BROWN(액상) | H46: CHOCO(액상) | I46: PLUS CHOCO(액상) | J46: GLOW BLACK(액상) | K46: GLOW BROWN(액상) | L46: BIG PLUS BROWN(액상) | M46: PLUS BROWN(액상) | N46: BIG PLUS GRAY(액상) | O46: ONE&ONLY PLUS GRAY(액상) | V46: 로즈홀딩
C47: 로즈홀딩스 | E47: JADE | F47: INDIGO | G47: RUBY | I47: ASH | J47: PECAN | K47: MINT | V47: 로즈홀딩
C48: 코팬시 | E48: OLIVE | F48: AMBER | G48: MOON | H48: BLUISH GRAY | I48: NABULA BLUE | J48: POKER FACE | K48: ENDLESS BROWN | L48: TWILIGHT TAN | V48: 다비치
C49: 다비치 | E49: MERSEE CHOCO | F49: MERSEE BROWN | G49: SKATCH BROWN | H49: SKATCH GRAY | V49: 셀레나
C50: 셀레나 | E50: VIVID GREY | F50: AQUA GRAY | G50: STYLISH HAZEL | V50: 셀레나
C51: MOODY | E51: L-BALE | F51: B-COCO | G51: G-XINGXING | H51: B-DASHA | I51: R-PINGGUO | J51: P-XIANGWO | K51: U-QIQIU | L51: B-POPCORN | M51: G-TANGYUAN | N51: R-SHUMEI | O51: FLOAT SELF LOVE | P51: U-BUDING | Q51: G-ZHIMA | R51: O-HEIKA | S51: P-TANG | T51: U-BOLAN | V51: 셀레나
E52: B-MIZONG | F52: U-CANLAN | G52: G-LENGHUI | V52: 셀레나
C53: LEMONADE | E53: JEJU BREEZE | F53: LOUVRE CLOUDS | G53: SNOWY KANGWON | H53: CALIFORNIA VIBE | V53: 상해법인
C54: 상해법인 | E54: SAPPHIRE MOON | F54: TOPAZ MOON | G54: AMBER MOON | H54: SUNSTONE MOON | I54: EMEARALD MOON | J54: PEARL MOON | K54: LANDIAO | L54: MIZONG(액상) | M54: XUYU(액상) | N54: FUGUANG(액상) | V54: 상해법인
C55: SKYOPTICAL | F55: AXIS GRAY | G55: UPLOAD GREEN | H55: RESET BROWN | I55: VECTOR GREEN | J55: REFINE HAZEL | K55: HIGHLIGHT GRAY | V55: 상해법인
C56: T-GARDEN | E56: COCO MOOD | F56: SMORE MIST | G56: PULE SHABON(액상) | H56: MELTY TIME(액상) | V56: 상해법인
C57: FLAAK | E57: SAHARA_M(액상)
B58: 층 수 | C58: * 금주 사출 생산계획
C59: 구분 | E59: 월 | G59: 화 | I59: 수 | K59: 목 | M59: 금 | O59: 토 | Q59: 일 | S59: 차주 월요일
E60: 5/11 | G60: 5/12 | I60: 5/13 | K60: 5/14 | M60: 5/15 | O60: 5/16 | Q60: 5/17 | S60: 5/18
B61: 3층 | E61: 주간 | F61: 야간 | G61: 주간 | H61: 야간 | I61: 주간 | J61: 야간 | K61: 주간 | L61: 야간 | M61: 주간 | N61: 야간 | O61: 주간 | P61: 야간 | Q61: 주간 | R61: 야간 | S61: 주간 | T61: 야간
C62: 1 | D62: 10호기 | E62: SUZY BROWN | F62: SUZY BROWN | G62: SUZY BROWN | H62: SUZY BROWN
C63: 2 | D63: 11호기 | E63: ALICIA BROWN | F63: Shiny Brown | G63: Shiny Brown | H63: Shiny Brown
C64: 3 | D64: 12호기 | E64: Espresso | F64: Espresso | G64: Espresso | H64: Espresso
C65: 4 | D65: 13호기 | E65: PINK BOMB(액상) | F65: PINK BOMB(액상) | G65: PINK BOMB(액상) | H65: PINK BOMB(액상)
C66: 5 | D66: 14호기 | E66: JAZZ BLACK | F66: JAZZ BLACK | G66: Sheer Black | H66: Sheer Black
C67: 6 | D67: 15호기 | E67: Sheer Brown | F67: Sheer Brown | G67: Sheer Brown | H67: Sheer Brown
C68: 7 | D68: 16호기 | E68: SAKURA MOUSSE | F68: SAKURA MOUSSE | G68: SAKURA MOUSSE | H68: SAKURA MOUSSE
C69: 8 | D69: 17호기 | E69: TULLE BROWN | F69: AFFOGATO(액상) | G69: AFFOGATO(액상) | H69: AFFOGATO(액상)
C70: 9 | D70: 18호기 | E70: CHERISH BROWN(액상) | F70: CHERISH BROWN(액상) | G70: CHERISH BROWN(액상) | H70: CHERISH BROWN(액상)
C71: 10 | D71: 19호기 | E71: Sheer Black | F71: AFFOGATO(M) 38% | G71: CHAI CAFÉ M(액상) | H71: DATE TOPAZ TORIC
C72: 11 | D72: 20호기 | E72: CHERISH BROWN M(액상) | F72: OPAL TORIC | G72: TINT BROWN
C73: 12 | D73: 21호기 | E73: JELLY QUARTZ_M(액상) | G73: COTTON RING | H73: COTTON RING
C74: 13 | D74: 22호기 | E74: DAZZLE GRAY(PBT) | F74: DATE TOPAZ(M) | G74: AFFOGATO(M) 38% | H74: AFFOGATO(M) 38%
C75: 14 | D75: 23호기 | E75: COFFEE JELLY(M) | F75: COFFEE JELLY(M) | G75: COFFEE JELLY(M) | H75: CHERISH BROWN M(액상)
C76: 15 | D76: 24호기 | G76: SUZY BROWN | H76: SUZY BROWN
C77: 16 | D77: 25호기
C78: 17 | D78: 26호기
C79: 18 | D79: 27호기 | E79: CHERISH BROWN(액상) | F79: CHERISH BROWN(액상) | G79: CHERISH BROWN(액상) | H79: CHERISH BROWN(액상)
C80: 19 | D80: 40호기 | E80: Strawberry quartz toric | F80: Strawberry quartz toric | G80: OPAL TORIC | H80: OPAL TORIC
C81: 20 | D81: 41호기
C82: 21 | D82: 42호기 | E82: IDOL RING(M) | F82: LADY BLACK(M) | G82: IDOL RING(M) | H82: LADY BLACK(M)
C83: 22 | D83: 43호기 | E83: DAZZLE BEIGE(액상) | F83: DAZZLE BEIGE(액상) | G83: DAZZLE BEIGE(액상) | H83: DAZZLE BEIGE(액상)
B87: 1층
C88: 23 | D88: 44호기 | E88: HAPA_FIRST LOVE KRISTIN BROWN 38% | F88: COFFEE JELLY(액상) | G88: COFFEE JELLY(액상) | H88: COFFEE JELLY(액상)
C89: 24 | D89: 45호기 | E89: TIRAMISU RING | F89: TIRAMISU RING | G89: TIRAMISU RING | H89: TIRAMISU RING
C90: 25 | D90: 46호기 | E90: CHERISH BROWN(액상) | F90: CHERISH BROWN(액상) | G90: UMI | H90: UMI
C91: 26 | D91: 47호기 | E91: ALMOND POODLE(M) | F91: ALMOND POODLE(M) | G91: ALMOND POODLE(M) | H91: ALMOND POODLE(M)
C92: 27 | D92: 48호기 | E92: STAR GLOW | F92: SPICY QUEEN | G92: SPICY QUEEN | H92: SPICY QUEEN
C93: 28 | D93: 49호기 | E93: OOLONG TEA | F93: OOLONG TEA | G93: OOLONG TEA | H93: OOLONG TEA
C94: 29 | D94: 50호기 | E94: Clear Beige | F94: Clear Beige | G94: Clear Beige | H94: Ocean Blue
C95: 30 | D95: 51호기 | E95: SUZY G | F95: PINK BOMB(M) | G95: PINK BOMB(M) | H95: PINK BOMB(M)
C96: 31 | D96: 52호기 | E96: SUZY BROWN | F96: SUZY BROWN | G96: cream beige | H96: SUZY BROWN
C97: 32 | D97: 53호기 | E97: CHERISH BROWN(액상) | F97: CHERISH BROWN(액상) | G97: CHERISH BROWN(액상) | H97: TAMA KONNYAKU
C98: 33 | D98: 54호기 | E98: ALLURE BLUE | F98: ALLURE BLUE | G98: ALLURE GRAY | H98: ALLURE GRAY
C99: 34 | D99: 55호기 | E99: AIR GRAY | F99: GLOW BROWN | G99: GLOW BROWN | H99: GLOW BROWN
... C103: 38 | D103: 59호기 | E103: TEDDY BROWN | F103: KOALA GRAY | G103: KOALA GRAY | H103: TWINKLE BROWN
E104: BABY ESPRESSO | F104: TWINKLE BROWN(M) | G104: BABY ESPRESSO | H104: TWINKLE BROWN(M)
E105: ALLURE GRAY | F105: S_GREEN | G105: CHIC CARAMEL | H105: Lemonade
E106: ROSEWOOD | G106: HAZEL HONEY

Sheet 생산계획(잉크)
B2: 주간 잉크 생산계획 종합(Rev.41)
B6: * 주간 잉크 생산 계획(상세)
B7: 구분 | C7: 월 | H7: 화 | L7: 수 | P7: 목 | T7: 금 | X7: 토 | AB7: 일
C8: =사출계획!E60 -> 5/11 | H8: =사출계획!G60 -> 5/12 | L8: =사출계획!I60 -> 5/13 | P8: =사출계획!K60 -> 5/14 | T8: =사출계획!M60 -> 5/15 | X8: =사출계획!O60 -> 5/16 | AB8: =사출계획!Q60 -> 5/17
C9: 현재고 | D9: 가용일수 | E9: 필요수량 | F9: 제조량 | G9: 호기 | H9: 현재고 | I9: 가용일수 | J9: 제조량 | K9: 호기 | L9: 현재고 | M9: 가용일수 | N9: 제조량 | O9: 호기 | P9: 현재고 | Q9: 가용일수 | R9: 제조량 | S9: 호기 | T9: 현재고 | U9: 가용일수 | V9: 제조량 | W9: 호기 | X9: 현재고 | Y9: 가용일수 | Z9: 제조량 | AA9: 호기 | AB9: 현재고 | AC9: 가용일수 | AD9: 제조량 | AE9: 호기
B10: SOUL | D10: =IFERROR(C10/INDEX(표5[#All],MATCH(B10,표5[[#All],[잉크]],0),2),"") | E10: =$C10-INDEX(표5[#All],MATCH(B10,표5[[#All],[잉크]],0),24) -> 0 | G10: =IF(ISBLANK(F10),"",INDEX(호기!$A$1:$B$657,MATCH('생산계획(잉크)'!B462,호기!$A$1:$A$657,0),2)) | H10: =C10+F10-INDEX(표5[#All],MATCH(B10,표5[[#All],[잉크]],0),2) -> 0 | I10: =IFERROR(H10/INDEX(표5[#All],MATCH(B10,표5[[#All],[잉크]],0),5),"") | K10: =IF(ISBLANK(J10),"",INDEX(호기!$A$1:$B$657,MATCH('생산계획(잉크)'!B462,호기!$A$1:$A$657,0),2)) | L10: =H10+J10-INDEX(표5[#All],MATCH(B10,표5[[#All],[잉크]],0),5) -> 0 | M10: =IFERROR(L10/INDEX(표5[#All],MATCH(B10,표5[[#All],[잉크]],0),8),"") | O10: =IF(ISBLANK(N10),"",INDEX(호기!$A$1:$B$657,MATCH('생산계획(잉크)'!B462,호기!$A$1:$A$657,0),2)) | P10: =L10+N10-INDEX(표5[#All],MATCH(B10,표5[[#All],[잉크]],0),5) -> 0 | Q10: =IFERROR(P10/INDEX(표5[#All],MATCH(B10,표5[[#All],[잉크]],0),11),"") | S10: =IF(ISBLANK(R10),"",INDEX(호기!$A$1:$B$657,MATCH('생산계획(잉크)'!B462,호기!$A$1:$A$657,0),2)) | T10: =P10+R10-INDEX(표5[#All],MATCH(B10,표5[[#All],[잉크]],0),5) -> 0 | U10: =IFERROR(T10/INDEX(표5[#All],MATCH(B10,표5[[#All],[잉크]],0),14),"") | W10: =IF(ISBLANK(V10),"",INDEX(호기!$A$1:$B$657,MATCH('생산계획(잉크)'!B462,호기!$A$1:$A$657,0),2)) | X10: =T10+V10-INDEX(표5[#All],MATCH(B10,표5[[#All],[잉크]],0),5) -> 0 | Y10: =IFERROR(X10/INDEX(표5[#All],MATCH(B10,표5[[#All],[잉크]],0),17),"") | AA10: =IF(ISBLANK(Z10),"",INDEX(호기!$A$1:$B$657,MATCH('생산계획(잉크)'!B462,호기!$A$1:$A$657,0),2)) | AB10: =X10+Z10-INDEX(표5[#All],MATCH(B10,표5[[#All],[잉크]],0),5) -> 0 | AC10: =IFERROR(AB10/INDEX(표5[#All],MATCH(B10,표5[[#All],[잉크]],0),20),"")
B11: WOOD | D11: =IFERROR(C11/INDEX(표5[#All],MATCH(B11,표5[[#All],[잉크]],0),2),"") | E11: =$C11-INDEX(표5[#All],MATCH(B11,표5[[#All],[잉크]],0),24) -> 0 | G11: =IF(ISBLANK(F11),"",INDEX(호기!$A$1:$B$657,MATCH('생산계획(잉크)'!B463,호기!$A$1:$A$657,0),2)) | H11: =C11+F11-INDEX(표5[#All],MATCH(B11,표5[[#All],[잉크]],0),2) -> 0 | I11: =IFERROR(H11/INDEX(표5[#All],MATCH(B11,표5[[#All],[잉크]],0),5),"") | K11: =IF(ISBLANK(J11),"",INDEX(호기!$A$1:$B$657,MATCH('생산계획(잉크)'!B463,호기!$A$1:$A$657,0),2)) | L11: =H11+J11-INDEX(표5[#All],MATCH(B11,표5[[#All],[잉크]],0),5) -> 0 | M11: =IFERROR(L11/INDEX(표5[#All],MATCH(B11,표5[[#All],[잉크]],0),8),"") | O11: =IF(ISBLANK(N11),"",INDEX(호기!$A$1:$B$657,MATCH('생산계획(잉크)'!B463,호기!$A$1:$A$657,0),2)) | P11: =L11+N11-INDEX(표5[#All],MATCH(B11,표5[[#All],[잉크]],0),5) -> 0 | Q11: =IFERROR(P11/INDEX(표5[#All],MATCH(B11,표5[[#All],[잉크]],0),11),"") | S11: =IF(ISBLANK(R11),"",INDEX(호기!$A$1:$B$657,MATCH('생산계획(잉크)'!B463,호기!$A$1:$A$657,0),2)) | T11: =P11+R11-INDEX(표5[#All],MATCH(B11,표5[[#All],[잉크]],0),5) -> 0 | U11: =IFERROR(T11/INDEX(표5[#All],MATCH(B11,표5[[#All],[잉크]],0),14),"") | W11: =IF(ISBLANK(V11),"",INDEX(호기!$A$1:$B$657,MATCH('생산계획(잉크)'!B463,호기!$A$1:$A$657,0),2)) | X11: =T11+V11-INDEX(표5[#All],MATCH(B11,표5[[#All],[잉크]],0),5) -> 0 | Y11: =IFERROR(X11/INDEX(표5[#All],MATCH(B11,표5[[#All],[잉크]],0),17),"") | AA11: =IF(ISBLANK(Z11),"",INDEX(호기!$A$1:$B$657,MATCH('생산계획(잉크)'!B463,호기!$A$1:$A$657,0),2)) | AB11: =X11+Z11-INDEX(표5[#All],MATCH(B11,표5[[#All],[잉크]],0),5) -> 0 | AC11: =IFERROR(AB11/INDEX(표5[#All],MATCH(B11,표5[[#All],[잉크]],0),20),"")
B12: POGBA | D12: =IFERROR(C12/INDEX(표5[#All],MATCH(B12,표5[[#All],[잉크]],0),2),"") | E12: =$C12-INDEX(표5[#All],MATCH(B12,표5[[#All],[잉크]],0),24) -> 0 | G12: =IF(ISBLANK(F12),"",INDEX(호기!$A$1:$B$657,MATCH('생산계획(잉크)'!B464,호기!$A$1:$A$657,0),2)) | H12: =C12+F12-INDEX(표5[#All],MATCH(B12,표5[[#All],[잉크]],0),2) -> 0 | I12: =IFERROR(H12/INDEX(표5[#All],MATCH(B12,표5[[#All],[잉크]],0),5),"") | K12: =IF(ISBLANK(J12),"",INDEX(호기!$A$1:$B$657,MATCH('생산계획(잉크)'!B464,호기!$A$1:$A$657,0),2)) | L12: =H12+J12-INDEX(표5[#All],MATCH(B12,표5[[#All],[잉크]],0),5) -> 0 | M12: =IFERROR(L12/INDEX(표5[#All],MATCH(B12,표5[[#All],[잉크]],0),8),"") | O12: =IF(ISBLANK(N12),"",INDEX(호기!$A$1:$B$657,MATCH('생산계획(잉크)'!B464,호기!$A$1:$A$657,0),2)) | P12: =L12+N12-INDEX(표5[#All],MATCH(B12,표5[[#All],[잉크]],0),5) -> 0 | Q12: =IFERROR(P12/INDEX(표5[#All],MATCH(B12,표5[[#All],[잉크]],0),11),"") | S12: =IF(ISBLANK(R12),"",INDEX(호기!$A$1:$B$657,MATCH('생산계획(잉크)'!B464,호기!$A$1:$A$657,0),2)) | T12: =P12+R12-INDEX(표5[#All],MATCH(B12,표5[[#All],[잉크]],0),5) -> 0 | U12: =IFERROR(T12/INDEX(표5[#All],MATCH(B12,표5[[#All],[잉크]],0),14),"") | W12: =IF(ISBLANK(V12),"",INDEX(호기!$A$1:$B$657,MATCH('생산계획(잉크)'!B464,호기!$A$1:$A$657,0),2)) | X12: =T12+V12-INDEX(표5[#All],MATCH(B12,표5[[#All],[잉크]],0),5) -> 0 | Y12: =IFERROR(X12/INDEX(표5[#All],MATCH(B12,표5[[#All],[잉크]],0),17),"") | AA12: =IF(ISBLANK(Z12),"",INDEX(호기!$A$1:$B$657,MATCH('생산계획(잉크)'!B464,호기!$A$1:$A$657,0),2)) | AB12: =X12+Z12-INDEX(표5[#All],MATCH(B12,표5[[#All],[잉크]],0),5) -> 0 | AC12: =IFERROR(AB12/INDEX(표5[#All],MATCH(B12,표5[[#All],[잉크]],0),20),"")
B13: LUXE | D13: =IFERROR(C13/INDEX(표5[#All],MATCH(B13,표5[[#All],[잉크]],0),2),"") | E13: =$C13-INDEX(표5[#All],MATCH(B13,표5[[#All],[잉크]],0),24) -> 0 | G13: =IF(ISBLANK(F13),"",INDEX(호기!$A$1:$B$657,MATCH('생산계획(잉크)'!B465,호기!$A$1:$A$657,0),2)) | H13: =C13+F13-INDEX(표5[#All],MATCH(B13,표5[[#All],[잉크]],0),2) -> 0 | I13: =IFERROR(H13/INDEX(표5[#All],MATCH(B13,표5[[#All],[잉크]],0),5),"") | K13: =IF(ISBLANK(J13),"",INDEX(호기!$A$1:$B$657,MATCH('생산계획(잉크)'!B465,호기!$A$1:$A$657,0),2)) | L13: =H13+J13-INDEX(표5[#All],MATCH(B13,표5[[#All],[잉크]],0),5) -> 0 | M13: =IFERROR(L13/INDEX(표5[#All],MATCH(B13,표5[[#All],[잉크]],0),8),"") | O13: =IF(ISBLANK(N13),"",INDEX(호기!$A$1:$B$657,MATCH('생산계획(잉크)'!B465,호기!$A$1:$A$657,0),2)) | P13: =L13+N13-INDEX(표5[#All],MATCH(B13,표5[[#All],[잉크]],0),5) -> 0 | Q13: =IFERROR(P13/INDEX(표5[#All],MATCH(B13,표5[[#All],[잉크]],0),11),"") | S13: =IF(ISBLANK(R13),"",INDEX(호기!$A$1:$B$657,MATCH('생산계획(잉크)'!B465,호기!$A$1:$A$657,0),2)) | T13: =P13+R13-INDEX(표5[#All],MATCH(B13,표5[[#All],[잉크]],0),5) -> 0 | U13: =IFERROR(T13/INDEX(표5[#All],MATCH(B13,표5[[#All],[잉크]],0),14),"") | W13: =IF(ISBLANK(V13),"",INDEX(호기!$A$1:$B$657,MATCH('생산계획(잉크)'!B465,호기!$A$1:$A$657,0),2)) | X13: =T13+V13-INDEX(표5[#All],MATCH(B13,표5[[#All],[잉크]],0),5) -> 0 | Y13: =IFERROR(X13/INDEX(표5[#All],MATCH(B13,표5[[#All],[잉크]],0),17),"") | AA13: =IF(ISBLANK(Z13),"",INDEX(호기!$A$1:$B$657,MATCH('생산계획(잉크)'!B465,호기!$A$1:$A$657,0),2)) | AB13: =X13+Z13-INDEX(표5[#All],MATCH(B13,표5[[#All],[잉크]],0),5) -> 0 | AC13: =IFERROR(AB13/INDEX(표5[#All],MATCH(B13,표5[[#All],[잉크]],0),20),"")
B14: VANTA | D14: =IFERROR(C14/INDEX(표5[#All],MATCH(B14,표5[[#All],[잉크]],0),2),"") | E14: =$C14-INDEX(표5[#All],MATCH(B14,표5[[#All],[잉크]],0),24) -> 0 | G14: =IF(ISBLANK(F14),"",INDEX(호기!$A$1:$B$657,MATCH('생산계획(잉크)'!B466,호기!$A$1:$A$657,0),2)) | H14: =C14+F14-INDEX(표5[#All],MATCH(B14,표5[[#All],[잉크]],0),2) -> 0 | I14: =IFERROR(H14/INDEX(표5[#All],MATCH(B14,표5[[#All],[잉크]],0),5),"") | K14: =IF(ISBLANK(J14),"",INDEX(호기!$A$1:$B$657,MATCH('생산계획(잉크)'!B466,호기!$A$1:$A$657,0),2)) | L14: =H14+J14-INDEX(표5[#All],MATCH(B14,표5[[#All],[잉크]],0),5) -> 0 | M14: =IFERROR(L14/INDEX(표5[#All],MATCH(B14,표5[[#All],[잉크]],0),8),"") | O14: =IF(ISBLANK(N14),"",INDEX(호기!$A$1:$B$657,MATCH('생산계획(잉크)'!B466,호기!$A$1:$A$657,0),2)) | P14: =L14+N14-INDEX(표5[#All],MATCH(B14,표5[[#All],[잉크]],0),5) -> 0 | Q14: =IFERROR(P14/INDEX(표5[#All],MATCH(B14,표5[[#All],[잉크]],0),11),"") | S14: =IF(ISBLANK(R14),"",INDEX(호기!$A$1:$B$657,MATCH('생산계획(잉크)'!B466,호기!$A$1:$A$657,0),2)) | T14: =P14+R14-INDEX(표5[#All],MATCH(B14,표5[[#All],[잉크]],0),5) -> 0 | U14: =IFERROR(T14/INDEX(표5[#All],MATCH(B14,표5[[#All],[잉크]],0),14),"") | W14: =IF(ISBLANK(V14),"",INDEX(호기!$A$1:$B$657,MATCH('생산계획(잉크)'!B466,호기!$A$1:$A$657,0),2)) | X14: =T14+V14-INDEX(표5[#All],MATCH(B14,표5[[#All],[잉크]],0),5) -> 0 | Y14: =IFERROR(X14/INDEX(표5[#All],MATCH(B14,표5[[#All],[잉크]],0),17),"") | AA14: =IF(ISBLANK(Z14),"",INDEX(호기!$A$1:$B$657,MATCH('생산계획(잉크)'!B466,호기!$A$1:$A$657,0),2)) | AB14: =X14+Z14-INDEX(표5[#All],MATCH(B14,표5[[#All],[잉크]],0),5) -> 0 | AC14: =IFERROR(AB14/INDEX(표5[#All],MATCH(B14,표5[[#All],[잉크]],0),20),"")
B15: SHADOW | C15: 1 | D15: =IFERROR(C15/INDEX(표5[#All],MATCH(B15,표5[[#All],[잉크]],0),2),"") -> 1 | E15: =$C15-INDEX(표5[#All],MATCH(B15,표5[[#All],[잉크]],0),24) -> -5 | G15: =IF(ISBLANK(F15),"",INDEX(호기!$A$1:$B$657,MATCH('생산계획(잉크)'!B467,호기!$A$1:$A$657,0),2)) | H15: =C15+F15-INDEX(표5[#All],MATCH(B15,표5[[#All],[잉크]],0),2)+4 -> 4 | I15: =IFERROR(H15/INDEX(표5[#All],MATCH(B15,표5[[#All],[잉크]],0),5),"") -> 2 | K15: =IF(ISBLANK(J15),"",INDEX(호기!$A$1:$B$657,MATCH('생산계획(잉크)'!B467,호기!$A$1:$A$657,0),2)) | L15: =H15+J15-INDEX(표5[#All],MATCH(B15,표5[[#All],[잉크]],0),5) -> 2 | M15: =IFERROR(L15/INDEX(표5[#All],MATCH(B15,표5[[#All],[잉크]],0),8),"") | O15: =IF(ISBLANK(N15),"",INDEX(호기!$A$1:$B$657,MATCH('생산계획(잉크)'!B467,호기!$A$1:$A$657,0),2)) | P15: =L15+N15-INDEX(표5[#All],MATCH(B15,표5[[#All],[잉크]],0),5) -> 0 | Q15: =IFERROR(P15/INDEX(표5[#All],MATCH(B15,표5[[#All],[잉크]],0),11),"") | S15: =IF(ISBLANK(R15),"",INDEX(호기!$A$1:$B$657,MATCH('생산계획(잉크)'!B467,호기!$A$1:$A$657,0),2)) | T15: =P15+R15-INDEX(표5[#All],MATCH(B15,표5[[#All],[잉크]],0),5) -> -2 | U15: =IFERROR(T15/INDEX(표5[#All],MATCH(B15,표5[[#All],[잉크]],0),14),"") | W15: =IF(ISBLANK(V15),"",INDEX(호기!$A$1:$B$657,MATCH('생산계획(잉크)'!B467,호기!$A$1:$A$657,0),2)) | X15: =T15+V15-INDEX(표5[#All],MATCH(B15,표5[[#All],[잉크]],0),5) -> -4 | Y15: =IFERROR(X15/INDEX(표5[#All],MATCH(B15,표5[[#All],[잉크]],0),17),"") | AA15: =IF(ISBLANK(Z15),"",INDEX(호기!$A$1:$B$657,MATCH('생산계획(잉크)'!B467,호기!$A$1:$A$657,0),2)) | AB15: =X15+Z15-INDEX(표5[#All],MATCH(B15,표5[[#All],[잉크]],0),5) -> -6 | AC15: =IFERROR(AB15/INDEX(표5[#All],MATCH(B15,표5[[#All],[잉크]],0),20),"")
B16: JAZZ | C16: 0 | D16: =IFERROR(C16/INDEX(표5[#All],MATCH(B16,표5[[#All],[잉크]],0),2),"") -> 0 | E16: =$C16-INDEX(표5[#All],MATCH(B16,표5[[#All],[잉크]],0),24) -> -6 | F16: 3 | G16: =IF(ISBLANK(F16),"",INDEX(호기!$A$1:$B$657,MATCH('생산계획(잉크)'!B468,호기!$A$1:$A$657,0),2)) -> 3호기 | H16: =C16+F16-INDEX(표5[#All],MATCH(B16,표5[[#All],[잉크]],0),2)+1 -> 3 | I16: =IFERROR(H16/INDEX(표5[#All],MATCH(B16,표5[[#All],[잉크]],0),5),"") -> 1.5 | K16: =IF(ISBLANK(J16),"",INDEX(호기!$A$1:$B$657,MATCH('생산계획(잉크)'!B468,호기!$A$1:$A$657,0),2)) | L16: =H16+J16-INDEX(표5[#All],MATCH(B16,표5[[#All],[잉크]],0),5) -> 1 | M16: =IFERROR(L16/INDEX(표5[#All],MATCH(B16,표5[[#All],[잉크]],0),8),"") | O16: =IF(ISBLANK(N16),"",INDEX(호기!$A$1:$B$657,MATCH('생산계획(잉크)'!B468,호기!$A$1:$A$657,0),2)) | P16: =L16+N16-INDEX(표5[#All],MATCH(B16,표5[[#All],[잉크]],0),5) -> -1 | Q16: =IFERROR(P16/INDEX(표5[#All],MATCH(B16,표5[[#All],[잉크]],0),11),"") | S16: =IF(ISBLANK(R16),"",INDEX(호기!$A$1:$B$657,MATCH('생산계획(잉크)'!B468,호기!$A$1:$A$657,0),2)) | T16: =P16+R16-INDEX(표5[#All],MATCH(B16,표5[[#All],[잉크]],0),5) -> -3 | U16: =IFERROR(T16/INDEX(표5[#All],MATCH(B16,표5[[#All],[잉크]],0),14),"") | W16: =IF(ISBLANK(V16),"",INDEX(호기!$A$1:$B$657,MATCH('생산계획(잉크)'!B468,호기!$A$1:$A$657,0),2)) | X16: =T16+V16-INDEX(표5[#All],MATCH(B16,표5[[#All],[잉크]],0),5) -> -5 | Y16: =IFERROR(X16/INDEX(표5[#All],MATCH(B16,표5[[#All],[잉크]],0),17),"") | AA16: =IF(ISBLANK(Z16),"",INDEX(호기!$A$1:$B$657,MATCH('생산계획(잉크)'!B468,호기!$A$1:$A$657,0),2)) | AB16: =X16+Z16-INDEX(표5[#All],MATCH(B16,표5[[#All],[잉크]],0),5) -> -7 | AC16: =IFERROR(AB16/INDEX(표5[#All],MATCH(B16,표5[[#All],[잉크]],0),20),"")
B17: DARK | D17: =IFERROR(C17/INDEX(표5[#All],MATCH(B17,표5[[#All],[잉크]],0),2),"") | E17: =$C17-INDEX(표5[#All],MATCH(B17,표5[[#All],[잉크]],0),24) -> 0 | G17: =IF(ISBLANK(F17),"",INDEX(호기!$A$1:$B$657,MATCH('생산계획(잉크)'!B469,호기!$A$1:$A$657,0),2)) | H17: =C17+F17-INDEX(표5[#All],MATCH(B17,표5[[#All],[잉크]],0),2) -> 0 | I17: =IFERROR(H17/INDEX(표5[#All],MATCH(B17,표5[[#All],[잉크]],0),5),"") | K17: =IF(ISBLANK(J17),"",INDEX(호기!$A$1:$B$657,MATCH('생산계획(잉크)'!B469,호기!$A$1:$A$657,0),2)) | L17: =H17+J17-INDEX(표5[#All],MATCH(B17,표5[[#All],[잉크]],0),5) -> 0 | M17: =IFERROR(L17/INDEX(표5[#All],MATCH(B17,표5[[#All],[잉크]],0),8),"") | O17: =IF(ISBLANK(N17),"",INDEX(호기!$A$1:$B$657,MATCH('생산계획(잉크)'!B469,호기!$A$1:$A$657,0),2)) | P17: =L17+N17-INDEX(표5[#All],MATCH(B17,표5[[#All],[잉크]],0),5) -> 0 | Q17: =IFERROR(P17/INDEX(표5[#All],MATCH(B17,표5[[#All],[잉크]],0),11),"") | S17: =IF(ISBLANK(R17),"",INDEX(호기!$A$1:$B$657,MATCH('생산계획(잉크)'!B469,호기!$A$1:$A$657,0),2)) | T17: =P17+R17-INDEX(표5[#All],MATCH(B17,표5[[#All],[잉크]],0),5) -> 0 | U17: =IFERROR(T17/INDEX(표5[#All],MATCH(B17,표5[[#All],[잉크]],0),14),"") | W17: =IF(ISBLANK(V17),"",INDEX(호기!$A$1:$B$657,MATCH('생산계획(잉크)'!B469,호기!$A$1:$A$657,0),2)) | X17: =T17+V17-INDEX(표5[#All],MATCH(B17,표5[[#All],[잉크]],0),5) -> 0 | Y17: =IFERROR(X17/INDEX(표5[#All],MATCH(B17,표5[[#All],[잉크]],0),17),"") | AA17: =IF(ISBLANK(Z17),"",INDEX(호기!$A$1:$B$657,MATCH('생산계획(잉크)'!B469,호기!$A$1:$A$657,0),2)) | AB17: =X17+Z17-INDEX(표5[#All],MATCH(B17,표5[[#All],[잉크]],0),5) -> 0 | AC17: =IFERROR(AB17/INDEX(표5[#All],MATCH(B17,표5[[#All],[잉크]],0),20),"")
B18: CMBRICK | D18: =IFERROR(C18/INDEX(표5[#All],MATCH(B18,표5[[#All],[잉크]],0),2),"") | E18: =$C18-INDEX(표5[#All],MATCH(B18,표5[[#All],[잉크]],0),24) -> 0 | G18: =IF(ISBLANK(F18),"",INDEX(호기!$A$1:$B$657,MATCH('생산계획(잉크)'!B470,호기!$A$1:$A$657,0),2)) | H18: =C18+F18-INDEX(표5[#All],MATCH(B18,표5[[#All],[잉크]],0),2) -> 0 | I18: =IFERROR(H18/INDEX(표5[#All],MATCH(B18,표5[[#All],[잉크]],0),5),"") | K18: =IF(ISBLANK(J18),"",INDEX(호기!$A$1:$B$657,MATCH('생산계획(잉크)'!B470,호기!$A$1:$A$657,0),2)) | L18: =H18+J18-INDEX(표5[#All],MATCH(B18,표5[[#All],[잉크]],0),5) -> 0 | M18: =IFERROR(L18/INDEX(표5[#All],MATCH(B18,표5[[#All],[잉크]],0),8),"") | O18: =IF(ISBLANK(N18),"",INDEX(호기!$A$1:$B$657,MATCH('생산계획(잉크)'!B470,호기!$A$1:$A$657,0),2)) | P18: =L18+N18-INDEX(표5[#All],MATCH(B18,표5[[#All],[잉크]],0),5) -> 0 | Q18: =IFERROR(P18/INDEX(표5[#All],MATCH(B18,표5[[#All],[잉크]],0),11),"") | S18: =IF(ISBLANK(R18),"",INDEX(호기!$A$1:$B$657,MATCH('생산계획(잉크)'!B470,호기!$A$1:$A$657,0),2)) | T18: =P18+R18-INDEX(표5[#All],MATCH(B18,표5[[#All],[잉크]],0),5) -> 0 | U18: =IFERROR(T18/INDEX(표5[#All],MATCH(B18,표5[[#All],[잉크]],0),14),"") | W18: =IF(ISBLANK(V18),"",INDEX(호기!$A$1:$B$657,MATCH('생산계획(잉크)'!B470,호기!$A$1:$A$657,0),2)) | X18: =T18+V18-INDEX(표5[#All],MATCH(B18,표5[[#All],[잉크]],0),5) -> 0 | Y18: =IFERROR(X18/INDEX(표5[#All],MATCH(B18,표5[[#All],[잉크]],0),17),"") | AA18: =IF(ISBLANK(Z18),"",INDEX(호기!$A$1:$B$657,MATCH('생산계획(잉크)'!B470,호기!$A$1:$A$657,0),2)) | AB18: =X18+Z18-INDEX(표5[#All],MATCH(B18,표5[[#All],[잉크]],0),5) -> 0 | AC18: =IFERROR(AB18/INDEX(표5[#All],MATCH(B18,표5[[#All],[잉크]],0),20),"")
B19: VAMPIRE | D19: =IFERROR(C19/INDEX(표5[#All],MATCH(B19,표5[[#All],[잉크]],0),2),"") | E19: =$C19-INDEX(표5[#All],MATCH(B19,표5[[#All],[잉크]],0),24) -> 0 | G19: =IF(ISBLANK(F19),"",INDEX(호기!$A$1:$B$657,MATCH('생산계획(잉크)'!B471,호기!$A$1:$A$657,0),2)) | H19: =C19+F19-INDEX(표5[#All],MATCH(B19,표5[[#All],[잉크]],0),2) -> 0 | I19: =IFERROR(H19/INDEX(표5[#All],MATCH(B19,표5[[#All],[잉크]],0),5),"") | K19: =IF(ISBLANK(J19),"",INDEX(호기!$A$1:$B$657,MATCH('생산계획(잉크)'!B471,호기!$A$1:$A$657,0),2)) | L19: =H19+J19-INDEX(표5[#All],MATCH(B19,표5[[#All],[잉크]],0),5) -> 0 | M19: =IFERROR(L19/INDEX(표5[#All],MATCH(B19,표5[[#All],[잉크]],0),8),"") | O19: =IF(ISBLANK(N19),"",INDEX(호기!$A$1:$B$657,MATCH('생산계획(잉크)'!B471,호기!$A$1:$A$657,0),2)) | P19: =L19+N19-INDEX(표5[#All],MATCH(B19,표5[[#All],[잉크]],0),5) -> 0 | Q19: =IFERROR(P19/INDEX(표5[#All],MATCH(B19,표5[[#All],[잉크]],0),11),"") | S19: =IF(ISBLANK(R19),"",INDEX(호기!$A$1:$B$657,MATCH('생산계획(잉크)'!B471,호기!$A$1:$A$657,0),2)) | T19: =P19+R19-INDEX(표5[#All],MATCH(B19,표5[[#All],[잉크]],0),5) -> 0 | U19: =IFERROR(T19/INDEX(표5[#All],MATCH(B19,표5[[#All],[잉크]],0),14),"") | W19: =IF(ISBLANK(V19),"",INDEX(호기!$A$1:$B$657,MATCH('생산계획(잉크)'!B471,호기!$A$1:$A$657,0),2)) | X19: =T19+V19-INDEX(표5[#All],MATCH(B19,표5[[#All],[잉크]],0),5) -> 0 | Y19: =IFERROR(X19/INDEX(표5[#All],MATCH(B19,표5[[#All],[잉크]],0),17),"") | AA19: =IF(ISBLANK(Z19),"",INDEX(호기!$A$1:$B$657,MATCH('생산계획(잉크)'!B471,호기!$A$1:$A$657,0),2)) | AB19: =X19+Z19-INDEX(표5[#All],MATCH(B19,표5[[#All],[잉크]],0),5) -> 0 | AC19: =IFERROR(AB19/INDEX(표5[#All],MATCH(B19,표5[[#All],[잉크]],0),20),"")
B20: BRONZE | D20: =IFERROR(C20/INDEX(표5[#All],MATCH(B20,표5[[#All],[잉크]],0),2),"") | E20: =$C20-INDEX(표5[#All],MATCH(B20,표5[[#All],[잉크]],0),24) -> 0 | G20: =IF(ISBLANK(F20),"",INDEX(호기!$A$1:$B$657,MATCH('생산계획(잉크)'!B472,호기!$A$1:$A$657,0),2)) | H20: =C20+F20-INDEX(표5[#All],MATCH(B20,표5[[#All],[잉크]],0),2) -> 0 | I20: =IFERROR(H20/INDEX(표5[#All],MATCH(B20,표5[[#All],[잉크]],0),5),"") | K20: =IF(ISBLANK(J20),"",INDEX(호기!$A$1:$B$657,MATCH('생산계획(잉크)'!B472,호기!$A$1:$A$657,0),2)) | L20: =H20+J20-INDEX(표5[#All],MATCH(B20,표5[[#All],[잉크]],0),5) -> 0 | M20: =IFERROR(L20/INDEX(표5[#All],MATCH(B20,표5[[#All],[잉크]],0),8),"") | O20: =IF(ISBLANK(N20),"",INDEX(호기!$A$1:$B$657,MATCH('생산계획(잉크)'!B472,호기!$A$1:$A$657,0),2)) | P20: =L20+N20-INDEX(표5[#All],MATCH(B20,표5[[#All],[잉크]],0),5) -> 0 | Q20: =IFERROR(P20/INDEX(표5[#All],MATCH(B20,표5[[#All],[잉크]],0),11),"") | S20: =IF(ISBLANK(R20),"",INDEX(호기!$A$1:$B$657,MATCH('생산계획(잉크)'!B472,호기!$A$1:$A$657,0),2)) | T20: =P20+R20-INDEX(표5[#All],MATCH(B20,표5[[#All],[잉크]],0),5) -> 0 | U20: =IFERROR(T20/INDEX(표5[#All],MATCH(B20,표5[[#All],[잉크]],0),14),"") | W20: =IF(ISBLANK(V20),"",INDEX(호기!$A$1:$B$657,MATCH('생산계획(잉크)'!B472,호기!$A$1:$A$657,0),2)) | X20: =T20+V20-INDEX(표5[#All],MATCH(B20,표5[[#All],[잉크]],0),5) -> 0 | Y20: =IFERROR(X20/INDEX(표5[#All],MATCH(B20,표5[[#All],[잉크]],0),17),"") | AA20: =IF(ISBLANK(Z20),"",INDEX(호기!$A$1:$B$657,MATCH('생산계획(잉크)'!B472,호기!$A$1:$A$657,0),2)) | AB20: =X20+Z20-INDEX(표5[#All],MATCH(B20,표5[[#All],[잉크]],0),5) -> 0 | AC20: =IFERROR(AB20/INDEX(표5[#All],MATCH(B20,표5[[#All],[잉크]],0),20),"")
B21: GAEUL | D21: =IFERROR(C21/INDEX(표5[#All],MATCH(B21,표5[[#All],[잉크]],0),2),"") | E21: =$C21-INDEX(표5[#All],MATCH(B21,표5[[#All],[잉크]],0),24) -> 0 | G21: =IF(ISBLANK(F21),"",INDEX(호기!$A$1:$B$657,MATCH('생산계획(잉크)'!B473,호기!$A$1:$A$657,0),2)) | H21: =C21+F21-INDEX(표5[#All],MATCH(B21,표5[[#All],[잉크]],0),2) -> 0 | I21: =IFERROR(H21/INDEX(표5[#All],MATCH(B21,표5[[#All],[잉크]],0),5),"") | K21: =IF(ISBLANK(J21),"",INDEX(호기!$A$1:$B$657,MATCH('생산계획(잉크)'!B473,호기!$A$1:$A$657,0),2)) | L21: =H21+J21-INDEX(표5[#All],MATCH(B21,표5[[#All],[잉크]],0),5) -> 0 | M21: =IFERROR(L21/INDEX(표5[#All],MATCH(B21,표5[[#All],[잉크]],0),8),"") | O21: =IF(ISBLANK(N21),"",INDEX(호기!$A$1:$B$657,MATCH('생산계획(잉크)'!B473,호기!$A$1:$A$657,0),2)) | P21: =L21+N21-INDEX(표5[#All],MATCH(B21,표5[[#All],[잉크]],0),5) -> 0 | Q21: =IFERROR(P21/INDEX(표5[#All],MATCH(B21,표5[[#All],[잉크]],0),11),"") | S21: =IF(ISBLANK(R21),"",INDEX(호기!$A$1:$B$657,MATCH('생산계획(잉크)'!B473,호기!$A$1:$A$657,0),2)) | T21: =P21+R21-INDEX(표5[#All],MATCH(B21,표5[[#All],[잉크]],0),5) -> 0 | U21: =IFERROR(T21/INDEX(표5[#All],MATCH(B21,표5[[#All],[잉크]],0),14),"") | W21: =IF(ISBLANK(V21),"",INDEX(호기!$A$1:$B$657,MATCH('생산계획(잉크)'!B473,호기!$A$1:$A$657,0),2)) | X21: =T21+V21-INDEX(표5[#All],MATCH(B21,표5[[#All],[잉크]],0),5) -> 0 | Y21: =IFERROR(X21/INDEX(표5[#All],MATCH(B21,표5[[#All],[잉크]],0),17),"") | AA21: =IF(ISBLANK(Z21),"",INDEX(호기!$A$1:$B$657,MATCH('생산계획(잉크)'!B473,호기!$A$1:$A$657,0),2)) | AB21: =X21+Z21-INDEX(표5[#All],MATCH(B21,표5[[#All],[잉크]],0),5) -> 0 | AC21: =IFERROR(AB21/INDEX(표5[#All],MATCH(B21,표5[[#All],[잉크]],0),20),"")
B22: NAK | D22: =IFERROR(C22/INDEX(표5[#All],MATCH(B22,표5[[#All],[잉크]],0),2),"") | E22: =$C22-INDEX(표5[#All],MATCH(B22,표5[[#All],[잉크]],0),24) -> 0 | G22: =IF(ISBLANK(F22),"",INDEX(호기!$A$1:$B$657,MATCH('생산계획(잉크)'!B474,호기!$A$1:$A$657,0),2)) | H22: =C22+F22-INDEX(표5[#All],MATCH(B22,표5[[#All],[잉크]],0),2) -> 0 | I22: =IFERROR(H22/INDEX(표5[#All],MATCH(B22,표5[[#All],[잉크]],0),5),"") | K22: =IF(ISBLANK(J22),"",INDEX(호기!$A$1:$B$657,MATCH('생산계획(잉크)'!B474,호기!$A$1:$A$657,0),2)) | L22: =H22+J22-INDEX(표5[#All],MATCH(B22,표5[[#All],[잉크]],0),5) -> 0 | M22: =IFERROR(L22/INDEX(표5[#All],MATCH(B22,표5[[#All],[잉크]],0),8),"") | O22: =IF(ISBLANK(N22),"",INDEX(호기!$A$1:$B$657,MATCH('생산계획(잉크)'!B474,호기!$A$1:$A$657,0),2)) | P22: =L22+N22-INDEX(표5[#All],MATCH(B22,표5[[#All],[잉크]],0),5) -> 0 | Q22: =IFERROR(P22/INDEX(표5[#All],MATCH(B22,표5[[#All],[잉크]],0),11),"") | S22: =IF(ISBLANK(R22),"",INDEX(호기!$A$1:$B$657,MATCH('생산계획(잉크)'!B474,호기!$A$1:$A$657,0),2)) | T22: =P22+R22-INDEX(표5[#All],MATCH(B22,표5[[#All],[잉크]],0),5) -> 0 | U22: =IFERROR(T22/INDEX(표5[#All],MATCH(B22,표5[[#All],[잉크]],0),14),"") | W22: =IF(ISBLANK(V22),"",INDEX(호기!$A$1:$B$657,MATCH('생산계획(잉크)'!B474,호기!$A$1:$A$657,0),2)) | X22: =T22+V22-INDEX(표5[#All],MATCH(B22,표5[[#All],[잉크]],0),5) -> 0 | Y22: =IFERROR(X22/INDEX(표5[#All],MATCH(B22,표5[[#All],[잉크]],0),17),"") | AA22: =IF(ISBLANK(Z22),"",INDEX(호기!$A$1:$B$657,MATCH('생산계획(잉크)'!B474,호기!$A$1:$A$657,0),2)) | AB22: =X22+Z22-INDEX(표5[#All],MATCH(B22,표5[[#All],[잉크]],0),5) -> 0 | AC22: =IFERROR(AB22/INDEX(표5[#All],MATCH(B22,표5[[#All],[잉크]],0),20),"")
B23: YUP | D23: =IFERROR(C23/INDEX(표5[#All],MATCH(B23,표5[[#All],[잉크]],0),2),"") | E23: =$C23-INDEX(표5[#All],MATCH(B23,표5[[#All],[잉크]],0),24) -> 0 | G23: =IF(ISBLANK(F23),"",INDEX(호기!$A$1:$B$657,MATCH('생산계획(잉크)'!B475,호기!$A$1:$A$657,0),2)) | H23: =C23+F23-INDEX(표5[#All],MATCH(B23,표5[[#All],[잉크]],0),2) -> 0 | I23: =IFERROR(H23/INDEX(표5[#All],MATCH(B23,표5[[#All],[잉크]],0),5),"") | K23: =IF(ISBLANK(J23),"",INDEX(호기!$A$1:$B$657,MATCH('생산계획(잉크)'!B475,호기!$A$1:$A$657,0),2)) | L23: =H23+J23-INDEX(표5[#All],MATCH(B23,표5[[#All],[잉크]],0),5) -> 0 | M23: =IFERROR(L23/INDEX(표5[#All],MATCH(B23,표5[[#All],[잉크]],0),8),"") | O23: =IF(ISBLANK(N23),"",INDEX(호기!$A$1:$B$657,MATCH('생산계획(잉크)'!B475,호기!$A$1:$A$657,0),2)) | P23: =L23+N23-INDEX(표5[#All],MATCH(B23,표5[[#All],[잉크]],0),5) -> 0 | Q23: =IFERROR(P23/INDEX(표5[#All],MATCH(B23,표5[[#All],[잉크]],0),11),"") | S23: =IF(ISBLANK(R23),"",INDEX(호기!$A$1:$B$657,MATCH('생산계획(잉크)'!B475,호기!$A$1:$A$657,0),2)) | T23: =P23+R23-INDEX(표5[#All],MATCH(B23,표5[[#All],[잉크]],0),5) -> 0 | U23: =IFERROR(T23/INDEX(표5[#All],MATCH(B23,표5[[#All],[잉크]],0),14),"") | W23: =IF(ISBLANK(V23),"",INDEX(호기!$A$1:$B$657,MATCH('생산계획(잉크)'!B475,호기!$A$1:$A$657,0),2)) | X23: =T23+V23-INDEX(표5[#All],MATCH(B23,표5[[#All],[잉크]],0),5) -> 0 | Y23: =IFERROR(X23/INDEX(표5[#All],MATCH(B23,표5[[#All],[잉크]],0),17),"") | AA23: =IF(ISBLANK(Z23),"",INDEX(호기!$A$1:$B$657,MATCH('생산계획(잉크)'!B475,호기!$A$1:$A$657,0),2)) | AB23: =X23+Z23-INDEX(표5[#All],MATCH(B23,표5[[#All],[잉크]],0),5) -> 0 | AC23: =IFERROR(AB23/INDEX(표5[#All],MATCH(B23,표5[[#All],[잉크]],0),20),"")
B24: BADA | D24: =IFERROR(C24/INDEX(표5[#All],MATCH(B24,표5[[#All],[잉크]],0),2),"") | E24: =$C24-INDEX(표5[#All],MATCH(B24,표5[[#All],[잉크]],0),24) -> 0 | G24: =IF(ISBLANK(F24),"",INDEX(호기!$A$1:$B$657,MATCH('생산계획(잉크)'!B476,호기!$A$1:$A$657,0),2)) | H24: =C24+F24-INDEX(표5[#All],MATCH(B24,표5[[#All],[잉크]],0),2) -> 0 | I24: =IFERROR(H24/INDEX(표5[#All],MATCH(B24,표5[[#All],[잉크]],0),5),"") | K24: =IF(ISBLANK(J24),"",INDEX(호기!$A$1:$B$657,MATCH('생산계획(잉크)'!B476,호기!$A$1:$A$657,0),2)) | L24: =H24+J24-INDEX(표5[#All],MATCH(B24,표5[[#All],[잉크]],0),5) -> 0 | M24: =IFERROR(L24/INDEX(표5[#All],MATCH(B24,표5[[#All],[잉크]],0),8),"") | O24: =IF(ISBLANK(N24),"",INDEX(호기!$A$1:$B$657,MATCH('생산계획(잉크)'!B476,호기!$A$1:$A$657,0),2)) | P24: =L24+N24-INDEX(표5[#All],MATCH(B24,표5[[#All],[잉크]],0),5) -> 0 | Q24: =IFERROR(P24/INDEX(표5[#All],MATCH(B24,표5[[#All],[잉크]],0),11),"") | S24: =IF(ISBLANK(R24),"",INDEX(호기!$A$1:$B$657,MATCH('생산계획(잉크)'!B476,호기!$A$1:$A$657,0),2)) | T24: =P24+R24-INDEX(표5[#All],MATCH(B24,표5[[#All],[잉크]],0),5) -> 0 | U24: =IFERROR(T24/INDEX(표5[#All],MATCH(B24,표5[[#All],[잉크]],0),14),"") | W24: =IF(ISBLANK(V24),"",INDEX(호기!$A$1:$B$657,MATCH('생산계획(잉크)'!B476,호기!$A$1:$A$657,0),2)) | X24: =T24+V24-INDEX(표5[#All],MATCH(B24,표5[[#All],[잉크]],0),5) -> 0 | Y24: =IFERROR(X24/INDEX(표5[#All],MATCH(B24,표5[[#All],[잉크]],0),17),"") | AA24: =IF(ISBLANK(Z24),"",INDEX(호기!$A$1:$B$657,MATCH('생산계획(잉크)'!B476,호기!$A$1:$A$657,0),2)) | AB24: =X24+Z24-INDEX(표5[#All],MATCH(B24,표5[[#All],[잉크]],0),5) -> 0 | AC24: =IFERROR(AB24/INDEX(표5[#All],MATCH(B24,표5[[#All],[잉크]],0),20),"")
B25: NEODUM | D25: =IFERROR(C25/INDEX(표5[#All],MATCH(B25,표5[[#All],[잉크]],0),2),"") | E25: =$C25-INDEX(표5[#All],MATCH(B25,표5[[#All],[잉크]],0),24) -> 0 | G25: =IF(ISBLANK(F25),"",INDEX(호기!$A$1:$B$657,MATCH('생산계획(잉크)'!B477,호기!$A$1:$A$657,0),2)) | H25: =C25+F25-INDEX(표5[#All],MATCH(B25,표5[[#All],[잉크]],0),2) -> 0 | I25: =IFERROR(H25/INDEX(표5[#All],MATCH(B25,표5[[#All],[잉크]],0),5),"") | K25: =IF(ISBLANK(J25),"",INDEX(호기!$A$1:$B$657,MATCH('생산계획(잉크)'!B477,호기!$A$1:$A$657,0),2)) | L25: =H25+J25-INDEX(표5[#All],MATCH(B25,표5[[#All],[잉크]],0),5) -> 0 | M25: =IFERROR(L25/INDEX(표5[#All],MATCH(B25,표5[[#All],[잉크]],0),8),"") | O25: =IF(ISBLANK(N25),"",INDEX(호기!$A$1:$B$657,MATCH('생산계획(잉크)'!B477,호기!$A$1:$A$657,0),2)) | P25: =L25+N25-INDEX(표5[#All],MATCH(B25,표5[[#All],[잉크]],0),5) -> 0 | Q25: =IFERROR(P25/INDEX(표5[#All],MATCH(B25,표5[[#All],[잉크]],0),11),"") | S25: =IF(ISBLANK(R25),"",INDEX(호기!$A$1:$B$657,MATCH('생산계획(잉크)'!B477,호기!$A$1:$A$657,0),2)) | T25: =P25+R25-INDEX(표5[#All],MATCH(B25,표5[[#All],[잉크]],0),5) -> 0 | U25: =IFERROR(T25/INDEX(표5[#All],MATCH(B25,표5[[#All],[잉크]],0),14),"") | W25: =IF(ISBLANK(V25),"",INDEX(호기!$A$1:$B$657,MATCH('생산계획(잉크)'!B477,호기!$A$1:$A$657,0),2)) | X25: =T25+V25-INDEX(표5[#All],MATCH(B25,표5[[#All],[잉크]],0),5) -> 0 | Y25: =IFERROR(X25/INDEX(표5[#All],MATCH(B25,표5[[#All],[잉크]],0),17),"") | AA25: =IF(ISBLANK(Z25),"",INDEX(호기!$A$1:$B$657,MATCH('생산계획(잉크)'!B477,호기!$A$1:$A$657,0),2)) | AB25: =X25+Z25-INDEX(표5[#All],MATCH(B25,표5[[#All],[잉크]],0),5) -> 0 | AC25: =IFERROR(AB25/INDEX(표5[#All],MATCH(B25,표5[[#All],[잉크]],0),20),"")
B26: ROYAL | D26: =IFERROR(C26/INDEX(표5[#All],MATCH(B26,표5[[#All],[잉크]],0),2),"") | E26: =$C26-INDEX(표5[#All],MATCH(B26,표5[[#All],[잉크]],0),24) -> 0 | G26: =IF(ISBLANK(F26),"",INDEX(호기!$A$1:$B$657,MATCH('생산계획(잉크)'!B478,호기!$A$1:$A$657,0),2)) | H26: =C26+F26-INDEX(표5[#All],MATCH(B26,표5[[#All],[잉크]],0),2) -> 0 | I26: =IFERROR(H26/INDEX(표5[#All],MATCH(B26,표5[[#All],[잉크]],0),5),"") | K26: =IF(ISBLANK(J26),"",INDEX(호기!$A$1:$B$657,MATCH('생산계획(잉크)'!B478,호기!$A$1:$A$657,0),2)) | L26: =H26+J26-INDEX(표5[#All],MATCH(B26,표5[[#All],[잉크]],0),5) -> 0 | M26: =IFERROR(L26/INDEX(표5[#All],MATCH(B26,표5[[#All],[잉크]],0),8),"") | O26: =IF(ISBLANK(N26),"",INDEX(호기!$A$1:$B$657,MATCH('생산계획(잉크)'!B478,호기!$A$1:$A$657,0),2)) | P26: =L26+N26-INDEX(표5[#All],MATCH(B26,표5[[#All],[잉크]],0),5) -> 0 | Q26: =IFERROR(P26/INDEX(표5[#All],MATCH(B26,표5[[#All],[잉크]],0),11),"") | S26: =IF(ISBLANK(R26),"",INDEX(호기!$A$1:$B$657,MATCH('생산계획(잉크)'!B478,호기!$A$1:$A$657,0),2)) | T26: =P26+R26-INDEX(표5[#All],MATCH(B26,표5[[#All],[잉크]],0),5) -> 0 | U26: =IFERROR(T26/INDEX(표5[#All],MATCH(B26,표5[[#All],[잉크]],0),14),"") | W26: =IF(ISBLANK(V26),"",INDEX(호기!$A$1:$B$657,MATCH('생산계획(잉크)'!B478,호기!$A$1:$A$657,0),2)) | X26: =T26+V26-INDEX(표5[#All],MATCH(B26,표5[[#All],[잉크]],0),5) -> 0 | Y26: =IFERROR(X26/INDEX(표5[#All],MATCH(B26,표5[[#All],[잉크]],0),17),"") | AA26: =IF(ISBLANK(Z26),"",INDEX(호기!$A$1:$B$657,MATCH('생산계획(잉크)'!B478,호기!$A$1:$A$657,0),2)) | AB26: =X26+Z26-INDEX(표5[#All],MATCH(B26,표5[[#All],[잉크]],0),5) -> 0 | AC26: =IFERROR(AB26/INDEX(표5[#All],MATCH(B26,표5[[#All],[잉크]],0),20),"")
B27: BREMEN | D27: =IFERROR(C27/INDEX(표5[#All],MATCH(B27,표5[[#All],[잉크]],0),2),"") | E27: =$C27-INDEX(표5[#All],MATCH(B27,표5[[#All],[잉크]],0),24) -> 0 | G27: =IF(ISBLANK(F27),"",INDEX(호기!$A$1:$B$657,MATCH('생산계획(잉크)'!B479,호기!$A$1:$A$657,0),2)) | H27: =C27+F27-INDEX(표5[#All],MATCH(B27,표5[[#All],[잉크]],0),2) -> 0 | I27: =IFERROR(H27/INDEX(표5[#All],MATCH(B27,표5[[#All],[잉크]],0),5),"") | K27: =IF(ISBLANK(J27),"",INDEX(호기!$A$1:$B$657,MATCH('생산계획(잉크)'!B479,호기!$A$1:$A$657,0),2)) | L27: =H27+J27-INDEX(표5[#All],MATCH(B27,표5[[#All],[잉크]],0),5) -> 0 | M27: =IFERROR(L27/INDEX(표5[#All],MATCH(B27,표5[[#All],[잉크]],0),8),"") | O27: =IF(ISBLANK(N27),"",INDEX(호기!$A$1:$B$657,MATCH('생산계획(잉크)'!B479,호기!$A$1:$A$657,0),2)) | P27: =L27+N27-INDEX(표5[#All],MATCH(B27,표5[[#All],[잉크]],0),5) -> 0 | Q27: =IFERROR(P27/INDEX(표5[#All],MATCH(B27,표5[[#All],[잉크]],0),11),"") | S27: =IF(ISBLANK(R27),"",INDEX(호기!$A$1:$B$657,MATCH('생산계획(잉크)'!B479,호기!$A$1:$A$657,0),2)) | T27: =P27+R27-INDEX(표5[#All],MATCH(B27,표5[[#All],[잉크]],0),5) -> 0 | U27: =IFERROR(T27/INDEX(표5[#All],MATCH(B27,표5[[#All],[잉크]],0),14),"") | W27: =IF(ISBLANK(V27),"",INDEX(호기!$A$1:$B$657,MATCH('생산계획(잉크)'!B479,호기!$A$1:$A$657,0),2)) | X27: =T27+V27-INDEX(표5[#All],MATCH(B27,표5[[#All],[잉크]],0),5) -> 0 | Y27: =IFERROR(X27/INDEX(표5[#All],MATCH(B27,표5[[#All],[잉크]],0),17),"") | AA27: =IF(ISBLANK(Z27),"",INDEX(호기!$A$1:$B$657,MATCH('생산계획(잉크)'!B479,호기!$A$1:$A$657,0),2)) | AB27: =X27+Z27-INDEX(표5[#All],MATCH(B27,표5[[#All],[잉크]],0),5) -> 0 | AC27: =IFERROR(AB27/INDEX(표5[#All],MATCH(B27,표5[[#All],[잉크]],0),20),"")
B28: MAINZ | D28: =IFERROR(C28/INDEX(표5[#All],MATCH(B28,표5[[#All],[잉크]],0),2),"") | E28: =$C28-INDEX(표5[#All],MATCH(B28,표5[[#All],[잉크]],0),24) -> 0 | G28: =IF(ISBLANK(F28),"",INDEX(호기!$A$1:$B$657,MATCH('생산계획(잉크)'!B480,호기!$A$1:$A$657,0),2)) | H28: =C28+F28-INDEX(표5[#All],MATCH(B28,표5[[#All],[잉크]],0),2) -> 0 | I28: =IFERROR(H28/INDEX(표5[#All],MATCH(B28,표5[[#All],[잉크]],0),5),"") | K28: =IF(ISBLANK(J28),"",INDEX(호기!$A$1:$B$657,MATCH('생산계획(잉크)'!B480,호기!$A$1:$A$657,0),2)) | L28: =H28+J28-INDEX(표5[#All],MATCH(B28,표5[[#All],[잉크]],0),5) -> 0 | M28: =IFERROR(L28/INDEX(표5[#All],MATCH(B28,표5[[#All],[잉크]],0),8),"") | O28: =IF(ISBLANK(N28),"",INDEX(호기!$A$1:$B$657,MATCH('생산계획(잉크)'!B480,호기!$A$1:$A$657,0),2)) | P28: =L28+N28-INDEX(표5[#All],MATCH(B28,표5[[#All],[잉크]],0),5) -> 0 | Q28: =IFERROR(P28/INDEX(표5[#All],MATCH(B28,표5[[#All],[잉크]],0),11),"") | S28: =IF(ISBLANK(R28),"",INDEX(호기!$A$1:$B$657,MATCH('생산계획(잉크)'!B480,호기!$A$1:$A$657,0),2)) | T28: =P28+R28-INDEX(표5[#All],MATCH(B28,표5[[#All],[잉크]],0),5) -> 0 | U28: =IFERROR(T28/INDEX(표5[#All],MATCH(B28,표5[[#All],[잉크]],0),14),"") | W28: =IF(ISBLANK(V28),"",INDEX(호기!$A$1:$B$657,MATCH('생산계획(잉크)'!B480,호기!$A$1:$A$657,0),2)) | X28: =T28+V28-INDEX(표5[#All],MATCH(B28,표5[[#All],[잉크]],0),5) -> 0 | Y28: =IFERROR(X28/INDEX(표5[#All],MATCH(B28,표5[[#All],[잉크]],0),17),"") | AA28: =IF(ISBLANK(Z28),"",INDEX(호기!$A$1:$B$657,MATCH('생산계획(잉크)'!B480,호기!$A$1:$A$657,0),2)) | AB28: =X28+Z28-INDEX(표5[#All],MATCH(B28,표5[[#All],[잉크]],0),5) -> 0 | AC28: =IFERROR(AB28/INDEX(표5[#All],MATCH(B28,표5[[#All],[잉크]],0),20),"")
... B52: YEE | D52: =IFERROR(C52/INDEX(표5[#All],MATCH(B52,표5[[#All],[잉크]],0),2),"") | E52: =$C52-INDEX(표5[#All],MATCH(B52,표5[[#All],[잉크]],0),24) -> 0 | G52: =IF(ISBLANK(F52),"",INDEX(호기!$A$1:$B$657,MATCH('생산계획(잉크)'!B504,호기!$A$1:$A$657,0),2)) | H52: =C52+F52-INDEX(표5[#All],MATCH(B52,표5[[#All],[잉크]],0),2) -> 0 | I52: =IFERROR(H52/INDEX(표5[#All],MATCH(B52,표5[[#All],[잉크]],0),5),"") | K52: =IF(ISBLANK(J52),"",INDEX(호기!$A$1:$B$657,MATCH('생산계획(잉크)'!B504,호기!$A$1:$A$657,0),2)) | L52: =H52+J52-INDEX(표5[#All],MATCH(B52,표5[[#All],[잉크]],0),5) -> 0 | M52: =IFERROR(L52/INDEX(표5[#All],MATCH(B52,표5[[#All],[잉크]],0),8),"") | O52: =IF(ISBLANK(N52),"",INDEX(호기!$A$1:$B$657,MATCH('생산계획(잉크)'!B504,호기!$A$1:$A$657,0),2)) | P52: =L52+N52-INDEX(표5[#All],MATCH(B52,표5[[#All],[잉크]],0),5) -> 0 | Q52: =IFERROR(P52/INDEX(표5[#All],MATCH(B52,표5[[#All],[잉크]],0),11),"") | S52: =IF(ISBLANK(R52),"",INDEX(호기!$A$1:$B$657,MATCH('생산계획(잉크)'!B504,호기!$A$1:$A$657,0),2)) | T52: =P52+R52-INDEX(표5[#All],MATCH(B52,표5[[#All],[잉크]],0),5) -> 0 | U52: =IFERROR(T52/INDEX(표5[#All],MATCH(B52,표5[[#All],[잉크]],0),14),"") | W52: =IF(ISBLANK(V52),"",INDEX(호기!$A$1:$B$657,MATCH('생산계획(잉크)'!B504,호기!$A$1:$A$657,0),2)) | X52: =T52+V52-INDEX(표5[#All],MATCH(B52,표5[[#All],[잉크]],0),5) -> 0 | Y52: =IFERROR(X52/INDEX(표5[#All],MATCH(B52,표5[[#All],[잉크]],0),17),"") | AA52: =IF(ISBLANK(Z52),"",INDEX(호기!$A$1:$B$657,MATCH('생산계획(잉크)'!B504,호기!$A$1:$A$657,0),2)) | AB52: =X52+Z52-INDEX(표5[#All],MATCH(B52,표5[[#All],[잉크]],0),5) -> 0 | AC52: =IFERROR(AB52/INDEX(표5[#All],MATCH(B52,표5[[#All],[잉크]],0),20),"")
B53: WOLVER | C53: 2 | D53: =IFERROR(C53/INDEX(표5[#All],MATCH(B53,표5[[#All],[잉크]],0),2),"") -> 1 | E53: =$C53-INDEX(표5[#All],MATCH(B53,표5[[#All],[잉크]],0),24) -> -4 | G53: =IF(ISBLANK(F53),"",INDEX(호기!$A$1:$B$657,MATCH('생산계획(잉크)'!B505,호기!$A$1:$A$657,0),2)) | H53: =C53+F53-INDEX(표5[#All],MATCH(B53,표5[[#All],[잉크]],0),2) -> 0 | I53: =IFERROR(H53/INDEX(표5[#All],MATCH(B53,표5[[#All],[잉크]],0),5),"") -> 0 | J53: 2 | K53: =IF(ISBLANK(J53),"",INDEX(호기!$A$1:$B$657,MATCH('생산계획(잉크)'!B505,호기!$A$1:$A$657,0),2)) -> 6호기 | L53: =H53+J53-INDEX(표5[#All],MATCH(B53,표5[[#All],[잉크]],0),5) -> 1 | M53: =IFERROR(L53/INDEX(표5[#All],MATCH(B53,표5[[#All],[잉크]],0),8),"") | O53: =IF(ISBLANK(N53),"",INDEX(호기!$A$1:$B$657,MATCH('생산계획(잉크)'!B505,호기!$A$1:$A$657,0),2)) | P53: =L53+N53-INDEX(표5[#All],MATCH(B53,표5[[#All],[잉크]],0),5) -> 0 | Q53: =IFERROR(P53/INDEX(표5[#All],MATCH(B53,표5[[#All],[잉크]],0),11),"") | S53: =IF(ISBLANK(R53),"",INDEX(호기!$A$1:$B$657,MATCH('생산계획(잉크)'!B505,호기!$A$1:$A$657,0),2)) | T53: =P53+R53-INDEX(표5[#All],MATCH(B53,표5[[#All],[잉크]],0),5) -> -1 | U53: =IFERROR(T53/INDEX(표5[#All],MATCH(B53,표5[[#All],[잉크]],0),14),"") | W53: =IF(ISBLANK(V53),"",INDEX(호기!$A$1:$B$657,MATCH('생산계획(잉크)'!B505,호기!$A$1:$A$657,0),2)) | X53: =T53+V53-INDEX(표5[#All],MATCH(B53,표5[[#All],[잉크]],0),5) -> -2 | Y53: =IFERROR(X53/INDEX(표5[#All],MATCH(B53,표5[[#All],[잉크]],0),17),"") | AA53: =IF(ISBLANK(Z53),"",INDEX(호기!$A$1:$B$657,MATCH('생산계획(잉크)'!B505,호기!$A$1:$A$657,0),2)) | AB53: =X53+Z53-INDEX(표5[#All],MATCH(B53,표5[[#All],[잉크]],0),5) -> -3 | AC53: =IFERROR(AB53/INDEX(표5[#All],MATCH(B53,표5[[#All],[잉크]],0),20),"")
B54: HAMPTON | D54: =IFERROR(C54/INDEX(표5[#All],MATCH(B54,표5[[#All],[잉크]],0),2),"") | E54: =$C54-INDEX(표5[#All],MATCH(B54,표5[[#All],[잉크]],0),24) -> 0 | G54: =IF(ISBLANK(F54),"",INDEX(호기!$A$1:$B$657,MATCH('생산계획(잉크)'!B506,호기!$A$1:$A$657,0),2)) | H54: =C54+F54-INDEX(표5[#All],MATCH(B54,표5[[#All],[잉크]],0),2) -> 0 | I54: =IFERROR(H54/INDEX(표5[#All],MATCH(B54,표5[[#All],[잉크]],0),5),"") | K54: =IF(ISBLANK(J54),"",INDEX(호기!$A$1:$B$657,MATCH('생산계획(잉크)'!B506,호기!$A$1:$A$657,0),2)) | L54: =H54+J54-INDEX(표5[#All],MATCH(B54,표5[[#All],[잉크]],0),5) -> 0 | M54: =IFERROR(L54/INDEX(표5[#All],MATCH(B54,표5[[#All],[잉크]],0),8),"") | O54: =IF(ISBLANK(N54),"",INDEX(호기!$A$1:$B$657,MATCH('생산계획(잉크)'!B506,호기!$A$1:$A$657,0),2)) | P54: =L54+N54-INDEX(표5[#All],MATCH(B54,표5[[#All],[잉크]],0),5) -> 0 | Q54: =IFERROR(P54/INDEX(표5[#All],MATCH(B54,표5[[#All],[잉크]],0),11),"") | S54: =IF(ISBLANK(R54),"",INDEX(호기!$A$1:$B$657,MATCH('생산계획(잉크)'!B506,호기!$A$1:$A$657,0),2)) | T54: =P54+R54-INDEX(표5[#All],MATCH(B54,표5[[#All],[잉크]],0),5) -> 0 | U54: =IFERROR(T54/INDEX(표5[#All],MATCH(B54,표5[[#All],[잉크]],0),14),"") | W54: =IF(ISBLANK(V54),"",INDEX(호기!$A$1:$B$657,MATCH('생산계획(잉크)'!B506,호기!$A$1:$A$657,0),2)) | X54: =T54+V54-INDEX(표5[#All],MATCH(B54,표5[[#All],[잉크]],0),5) -> 0 | Y54: =IFERROR(X54/INDEX(표5[#All],MATCH(B54,표5[[#All],[잉크]],0),17),"") | AA54: =IF(ISBLANK(Z54),"",INDEX(호기!$A$1:$B$657,MATCH('생산계획(잉크)'!B506,호기!$A$1:$A$657,0),2)) | AB54: =X54+Z54-INDEX(표5[#All],MATCH(B54,표5[[#All],[잉크]],0),5) -> 0 | AC54: =IFERROR(AB54/INDEX(표5[#All],MATCH(B54,표5[[#All],[잉크]],0),20),"")
B55: WONDERERS | C55: 1 | D55: =IFERROR(C55/INDEX(표5[#All],MATCH(B55,표5[[#All],[잉크]],0),2),"") -> 0.5 | E55: =$C55-INDEX(표5[#All],MATCH(B55,표5[[#All],[잉크]],0),24) -> -5 | F55: 2 | G55: =IF(ISBLANK(F55),"",INDEX(호기!$A$1:$B$657,MATCH('생산계획(잉크)'!B507,호기!$A$1:$A$657,0),2)) -> 3호기 | H55: =C55+F55-INDEX(표5[#All],MATCH(B55,표5[[#All],[잉크]],0),2) -> 1 | I55: =IFERROR(H55/INDEX(표5[#All],MATCH(B55,표5[[#All],[잉크]],0),5),"") -> 1 | K55: =IF(ISBLANK(J55),"",INDEX(호기!$A$1:$B$657,MATCH('생산계획(잉크)'!B507,호기!$A$1:$A$657,0),2)) | L55: =H55+J55-INDEX(표5[#All],MATCH(B55,표5[[#All],[잉크]],0),5) -> 0 | M55: =IFERROR(L55/INDEX(표5[#All],MATCH(B55,표5[[#All],[잉크]],0),8),"") | O55: =IF(ISBLANK(N55),"",INDEX(호기!$A$1:$B$657,MATCH('생산계획(잉크)'!B507,호기!$A$1:$A$657,0),2)) | P55: =L55+N55-INDEX(표5[#All],MATCH(B55,표5[[#All],[잉크]],0),5) -> -1 | Q55: =IFERROR(P55/INDEX(표5[#All],MATCH(B55,표5[[#All],[잉크]],0),11),"") | S55: =IF(ISBLANK(R55),"",INDEX(호기!$A$1:$B$657,MATCH('생산계획(잉크)'!B507,호기!$A$1:$A$657,0),2)) | T55: =P55+R55-INDEX(표5[#All],MATCH(B55,표5[[#All],[잉크]],0),5) -> -2 | U55: =IFERROR(T55/INDEX(표5[#All],MATCH(B55,표5[[#All],[잉크]],0),14),"") | W55: =IF(ISBLANK(V55),"",INDEX(호기!$A$1:$B$657,MATCH('생산계획(잉크)'!B507,호기!$A$1:$A$657,0),2)) | X55: =T55+V55-INDEX(표5[#All],MATCH(B55,표5[[#All],[잉크]],0),5) -> -3 | Y55: =IFERROR(X55/INDEX(표5[#All],MATCH(B55,표5[[#All],[잉크]],0),17),"") | AA55: =IF(ISBLANK(Z55),"",INDEX(호기!$A$1:$B$657,MATCH('생산계획(잉크)'!B507,호기!$A$1:$A$657,0),2)) | AB55: =X55+Z55-INDEX(표5[#All],MATCH(B55,표5[[#All],[잉크]],0),5) -> -4 | AC55: =IFERROR(AB55/INDEX(표5[#All],MATCH(B55,표5[[#All],[잉크]],0),20),"")
B56: MONACO | D56: =IFERROR(C56/INDEX(표5[#All],MATCH(B56,표5[[#All],[잉크]],0),2),"") | E56: =$C56-INDEX(표5[#All],MATCH(B56,표5[[#All],[잉크]],0),24) -> 0 | G56: =IF(ISBLANK(F56),"",INDEX(호기!$A$1:$B$657,MATCH('생산계획(잉크)'!B508,호기!$A$1:$A$657,0),2)) | H56: =C56+F56-INDEX(표5[#All],MATCH(B56,표5[[#All],[잉크]],0),2) -> 0 | I56: =IFERROR(H56/INDEX(표5[#All],MATCH(B56,표5[[#All],[잉크]],0),5),"") | K56: =IF(ISBLANK(J56),"",INDEX(호기!$A$1:$B$657,MATCH('생산계획(잉크)'!B508,호기!$A$1:$A$657,0),2)) | L56: =H56+J56-INDEX(표5[#All],MATCH(B56,표5[[#All],[잉크]],0),5) -> 0 | M56: =IFERROR(L56/INDEX(표5[#All],MATCH(B56,표5[[#All],[잉크]],0),8),"") | O56: =IF(ISBLANK(N56),"",INDEX(호기!$A$1:$B$657,MATCH('생산계획(잉크)'!B508,호기!$A$1:$A$657,0),2)) | P56: =L56+N56-INDEX(표5[#All],MATCH(B56,표5[[#All],[잉크]],0),5) -> 0 | Q56: =IFERROR(P56/INDEX(표5[#All],MATCH(B56,표5[[#All],[잉크]],0),11),"") | S56: =IF(ISBLANK(R56),"",INDEX(호기!$A$1:$B$657,MATCH('생산계획(잉크)'!B508,호기!$A$1:$A$657,0),2)) | T56: =P56+R56-INDEX(표5[#All],MATCH(B56,표5[[#All],[잉크]],0),5) -> 0 | U56: =IFERROR(T56/INDEX(표5[#All],MATCH(B56,표5[[#All],[잉크]],0),14),"") | W56: =IF(ISBLANK(V56),"",INDEX(호기!$A$1:$B$657,MATCH('생산계획(잉크)'!B508,호기!$A$1:$A$657,0),2)) | X56: =T56+V56-INDEX(표5[#All],MATCH(B56,표5[[#All],[잉크]],0),5) -> 0 | Y56: =IFERROR(X56/INDEX(표5[#All],MATCH(B56,표5[[#All],[잉크]],0),17),"") | AA56: =IF(ISBLANK(Z56),"",INDEX(호기!$A$1:$B$657,MATCH('생산계획(잉크)'!B508,호기!$A$1:$A$657,0),2)) | AB56: =X56+Z56-INDEX(표5[#All],MATCH(B56,표5[[#All],[잉크]],0),5) -> 0 | AC56: =IFERROR(AB56/INDEX(표5[#All],MATCH(B56,표5[[#All],[잉크]],0),20),"")
B57: MARSEILLE | D57: =IFERROR(C57/INDEX(표5[#All],MATCH(B57,표5[[#All],[잉크]],0),2),"") | E57: =$C57-INDEX(표5[#All],MATCH(B57,표5[[#All],[잉크]],0),24) -> 0 | G57: =IF(ISBLANK(F57),"",INDEX(호기!$A$1:$B$657,MATCH('생산계획(잉크)'!B509,호기!$A$1:$A$657,0),2)) | H57: =C57+F57-INDEX(표5[#All],MATCH(B57,표5[[#All],[잉크]],0),2) -> 0 | I57: =IFERROR(H57/INDEX(표5[#All],MATCH(B57,표5[[#All],[잉크]],0),5),"") | K57: =IF(ISBLANK(J57),"",INDEX(호기!$A$1:$B$657,MATCH('생산계획(잉크)'!B509,호기!$A$1:$A$657,0),2)) | L57: =H57+J57-INDEX(표5[#All],MATCH(B57,표5[[#All],[잉크]],0),5) -> 0 | M57: =IFERROR(L57/INDEX(표5[#All],MATCH(B57,표5[[#All],[잉크]],0),8),"") | O57: =IF(ISBLANK(N57),"",INDEX(호기!$A$1:$B$657,MATCH('생산계획(잉크)'!B509,호기!$A$1:$A$657,0),2)) | P57: =L57+N57-INDEX(표5[#All],MATCH(B57,표5[[#All],[잉크]],0),5) -> 0 | Q57: =IFERROR(P57/INDEX(표5[#All],MATCH(B57,표5[[#All],[잉크]],0),11),"") | S57: =IF(ISBLANK(R57),"",INDEX(호기!$A$1:$B$657,MATCH('생산계획(잉크)'!B509,호기!$A$1:$A$657,0),2)) | T57: =P57+R57-INDEX(표5[#All],MATCH(B57,표5[[#All],[잉크]],0),5) -> 0 | U57: =IFERROR(T57/INDEX(표5[#All],MATCH(B57,표5[[#All],[잉크]],0),14),"") | W57: =IF(ISBLANK(V57),"",INDEX(호기!$A$1:$B$657,MATCH('생산계획(잉크)'!B509,호기!$A$1:$A$657,0),2)) | X57: =T57+V57-INDEX(표5[#All],MATCH(B57,표5[[#All],[잉크]],0),5) -> 0 | Y57: =IFERROR(X57/INDEX(표5[#All],MATCH(B57,표5[[#All],[잉크]],0),17),"") | AA57: =IF(ISBLANK(Z57),"",INDEX(호기!$A$1:$B$657,MATCH('생산계획(잉크)'!B509,호기!$A$1:$A$657,0),2)) | AB57: =X57+Z57-INDEX(표5[#All],MATCH(B57,표5[[#All],[잉크]],0),5) -> 0 | AC57: =IFERROR(AB57/INDEX(표5[#All],MATCH(B57,표5[[#All],[잉크]],0),20),"")
B58: LILLE | D58: =IFERROR(C58/INDEX(표5[#All],MATCH(B58,표5[[#All],[잉크]],0),2),"") | E58: =$C58-INDEX(표5[#All],MATCH(B58,표5[[#All],[잉크]],0),24) -> 0 | G58: =IF(ISBLANK(F58),"",INDEX(호기!$A$1:$B$657,MATCH('생산계획(잉크)'!B510,호기!$A$1:$A$657,0),2)) | H58: =C58+F58-INDEX(표5[#All],MATCH(B58,표5[[#All],[잉크]],0),2) -> 0 | I58: =IFERROR(H58/INDEX(표5[#All],MATCH(B58,표5[[#All],[잉크]],0),5),"") | K58: =IF(ISBLANK(J58),"",INDEX(호기!$A$1:$B$657,MATCH('생산계획(잉크)'!B510,호기!$A$1:$A$657,0),2)) | L58: =H58+J58-INDEX(표5[#All],MATCH(B58,표5[[#All],[잉크]],0),5) -> 0 | M58: =IFERROR(L58/INDEX(표5[#All],MATCH(B58,표5[[#All],[잉크]],0),8),"") | O58: =IF(ISBLANK(N58),"",INDEX(호기!$A$1:$B$657,MATCH('생산계획(잉크)'!B510,호기!$A$1:$A$657,0),2)) | P58: =L58+N58-INDEX(표5[#All],MATCH(B58,표5[[#All],[잉크]],0),5) -> 0 | Q58: =IFERROR(P58/INDEX(표5[#All],MATCH(B58,표5[[#All],[잉크]],0),11),"") | S58: =IF(ISBLANK(R58),"",INDEX(호기!$A$1:$B$657,MATCH('생산계획(잉크)'!B510,호기!$A$1:$A$657,0),2)) | T58: =P58+R58-INDEX(표5[#All],MATCH(B58,표5[[#All],[잉크]],0),5) -> 0 | U58: =IFERROR(T58/INDEX(표5[#All],MATCH(B58,표5[[#All],[잉크]],0),14),"") | W58: =IF(ISBLANK(V58),"",INDEX(호기!$A$1:$B$657,MATCH('생산계획(잉크)'!B510,호기!$A$1:$A$657,0),2)) | X58: =T58+V58-INDEX(표5[#All],MATCH(B58,표5[[#All],[잉크]],0),5) -> 0 | Y58: =IFERROR(X58/INDEX(표5[#All],MATCH(B58,표5[[#All],[잉크]],0),17),"") | AA58: =IF(ISBLANK(Z58),"",INDEX(호기!$A$1:$B$657,MATCH('생산계획(잉크)'!B510,호기!$A$1:$A$657,0),2)) | AB58: =X58+Z58-INDEX(표5[#All],MATCH(B58,표5[[#All],[잉크]],0),5) -> 0 | AC58: =IFERROR(AB58/INDEX(표5[#All],MATCH(B58,표5[[#All],[잉크]],0),20),"")
B59: KAHVE | D59: =IFERROR(C59/INDEX(표5[#All],MATCH(B59,표5[[#All],[잉크]],0),2),"") | E59: =$C59-INDEX(표5[#All],MATCH(B59,표5[[#All],[잉크]],0),24) -> 0 | G59: =IF(ISBLANK(F59),"",INDEX(호기!$A$1:$B$657,MATCH('생산계획(잉크)'!B511,호기!$A$1:$A$657,0),2)) | H59: =C59+F59-INDEX(표5[#All],MATCH(B59,표5[[#All],[잉크]],0),2) -> 0 | I59: =IFERROR(H59/INDEX(표5[#All],MATCH(B59,표5[[#All],[잉크]],0),5),"") | K59: =IF(ISBLANK(J59),"",INDEX(호기!$A$1:$B$657,MATCH('생산계획(잉크)'!B511,호기!$A$1:$A$657,0),2)) | L59: =H59+J59-INDEX(표5[#All],MATCH(B59,표5[[#All],[잉크]],0),5) -> 0 | M59: =IFERROR(L59/INDEX(표5[#All],MATCH(B59,표5[[#All],[잉크]],0),8),"") | O59: =IF(ISBLANK(N59),"",INDEX(호기!$A$1:$B$657,MATCH('생산계획(잉크)'!B511,호기!$A$1:$A$657,0),2)) | P59: =L59+N59-INDEX(표5[#All],MATCH(B59,표5[[#All],[잉크]],0),5) -> 0 | Q59: =IFERROR(P59/INDEX(표5[#All],MATCH(B59,표5[[#All],[잉크]],0),11),"") | S59: =IF(ISBLANK(R59),"",INDEX(호기!$A$1:$B$657,MATCH('생산계획(잉크)'!B511,호기!$A$1:$A$657,0),2)) | T59: =P59+R59-INDEX(표5[#All],MATCH(B59,표5[[#All],[잉크]],0),5) -> 0 | U59: =IFERROR(T59/INDEX(표5[#All],MATCH(B59,표5[[#All],[잉크]],0),14),"") | W59: =IF(ISBLANK(V59),"",INDEX(호기!$A$1:$B$657,MATCH('생산계획(잉크)'!B511,호기!$A$1:$A$657,0),2)) | X59: =T59+V59-INDEX(표5[#All],MATCH(B59,표5[[#All],[잉크]],0),5) -> 0 | Y59: =IFERROR(X59/INDEX(표5[#All],MATCH(B59,표5[[#All],[잉크]],0),17),"") | AA59: =IF(ISBLANK(Z59),"",INDEX(호기!$A$1:$B$657,MATCH('생산계획(잉크)'!B511,호기!$A$1:$A$657,0),2)) | AB59: =X59+Z59-INDEX(표5[#All],MATCH(B59,표5[[#All],[잉크]],0),5) -> 0 | AC59: =IFERROR(AB59/INDEX(표5[#All],MATCH(B59,표5[[#All],[잉크]],0),20),"")
B60: UVPOMME | D60: =IFERROR(C60/INDEX(표5[#All],MATCH(B60,표5[[#All],[잉크]],0),2),"") | E60: =$C60-INDEX(표5[#All],MATCH(B60,표5[[#All],[잉크]],0),24) -> 0 | G60: =IF(ISBLANK(F60),"",INDEX(호기!$A$1:$B$657,MATCH('생산계획(잉크)'!B512,호기!$A$1:$A$657,0),2)) | H60: =C60+F60-INDEX(표5[#All],MATCH(B60,표5[[#All],[잉크]],0),2) -> 0 | I60: =IFERROR(H60/INDEX(표5[#All],MATCH(B60,표5[[#All],[잉크]],0),5),"") | K60: =IF(ISBLANK(J60),"",INDEX(호기!$A$1:$B$657,MATCH('생산계획(잉크)'!B512,호기!$A$1:$A$657,0),2)) | L60: =H60+J60-INDEX(표5[#All],MATCH(B60,표5[[#All],[잉크]],0),5) -> 0 | M60: =IFERROR(L60/INDEX(표5[#All],MATCH(B60,표5[[#All],[잉크]],0),8),"") | O60: =IF(ISBLANK(N60),"",INDEX(호기!$A$1:$B$657,MATCH('생산계획(잉크)'!B512,호기!$A$1:$A$657,0),2)) | P60: =L60+N60-INDEX(표5[#All],MATCH(B60,표5[[#All],[잉크]],0),5) -> 0 | Q60: =IFERROR(P60/INDEX(표5[#All],MATCH(B60,표5[[#All],[잉크]],0),11),"") | S60: =IF(ISBLANK(R60),"",INDEX(호기!$A$1:$B$657,MATCH('생산계획(잉크)'!B512,호기!$A$1:$A$657,0),2)) | T60: =P60+R60-INDEX(표5[#All],MATCH(B60,표5[[#All],[잉크]],0),5) -> 0 | U60: =IFERROR(T60/INDEX(표5[#All],MATCH(B60,표5[[#All],[잉크]],0),14),"") | W60: =IF(ISBLANK(V60),"",INDEX(호기!$A$1:$B$657,MATCH('생산계획(잉크)'!B512,호기!$A$1:$A$657,0),2)) | X60: =T60+V60-INDEX(표5[#All],MATCH(B60,표5[[#All],[잉크]],0),5) -> 0 | Y60: =IFERROR(X60/INDEX(표5[#All],MATCH(B60,표5[[#All],[잉크]],0),17),"") | AA60: =IF(ISBLANK(Z60),"",INDEX(호기!$A$1:$B$657,MATCH('생산계획(잉크)'!B512,호기!$A$1:$A$657,0),2)) | AB60: =X60+Z60-INDEX(표5[#All],MATCH(B60,표5[[#All],[잉크]],0),5) -> 0 | AC60: =IFERROR(AB60/INDEX(표5[#All],MATCH(B60,표5[[#All],[잉크]],0),20),"")
B61: FRIAR | D61: =IFERROR(C61/INDEX(표5[#All],MATCH(B61,표5[[#All],[잉크]],0),2),"") | E61: =$C61-INDEX(표5[#All],MATCH(B61,표5[[#All],[잉크]],0),24) -> 0 | G61: =IF(ISBLANK(F61),"",INDEX(호기!$A$1:$B$657,MATCH('생산계획(잉크)'!B513,호기!$A$1:$A$657,0),2)) | H61: =C61+F61-INDEX(표5[#All],MATCH(B61,표5[[#All],[잉크]],0),2) -> 0 | I61: =IFERROR(H61/INDEX(표5[#All],MATCH(B61,표5[[#All],[잉크]],0),5),"") | K61: =IF(ISBLANK(J61),"",INDEX(호기!$A$1:$B$657,MATCH('생산계획(잉크)'!B513,호기!$A$1:$A$657,0),2)) | L61: =H61+J61-INDEX(표5[#All],MATCH(B61,표5[[#All],[잉크]],0),5) -> 0 | M61: =IFERROR(L61/INDEX(표5[#All],MATCH(B61,표5[[#All],[잉크]],0),8),"") | O61: =IF(ISBLANK(N61),"",INDEX(호기!$A$1:$B$657,MATCH('생산계획(잉크)'!B513,호기!$A$1:$A$657,0),2)) | P61: =L61+N61-INDEX(표5[#All],MATCH(B61,표5[[#All],[잉크]],0),5) -> 0 | Q61: =IFERROR(P61/INDEX(표5[#All],MATCH(B61,표5[[#All],[잉크]],0),11),"") | S61: =IF(ISBLANK(R61),"",INDEX(호기!$A$1:$B$657,MATCH('생산계획(잉크)'!B513,호기!$A$1:$A$657,0),2)) | T61: =P61+R61-INDEX(표5[#All],MATCH(B61,표5[[#All],[잉크]],0),5) -> 0 | U61: =IFERROR(T61/INDEX(표5[#All],MATCH(B61,표5[[#All],[잉크]],0),14),"") | W61: =IF(ISBLANK(V61),"",INDEX(호기!$A$1:$B$657,MATCH('생산계획(잉크)'!B513,호기!$A$1:$A$657,0),2)) | X61: =T61+V61-INDEX(표5[#All],MATCH(B61,표5[[#All],[잉크]],0),5) -> 0 | Y61: =IFERROR(X61/INDEX(표5[#All],MATCH(B61,표5[[#All],[잉크]],0),17),"") | AA61: =IF(ISBLANK(Z61),"",INDEX(호기!$A$1:$B$657,MATCH('생산계획(잉크)'!B513,호기!$A$1:$A$657,0),2)) | AB61: =X61+Z61-INDEX(표5[#All],MATCH(B61,표5[[#All],[잉크]],0),5) -> 0 | AC61: =IFERROR(AB61/INDEX(표5[#All],MATCH(B61,표5[[#All],[잉크]],0),20),"")
B62: INCA | D62: =IFERROR(C62/INDEX(표5[#All],MATCH(B62,표5[[#All],[잉크]],0),2),"") | E62: =$C62-INDEX(표5[#All],MATCH(B62,표5[[#All],[잉크]],0),24) -> 0 | G62: =IF(ISBLANK(F62),"",INDEX(호기!$A$1:$B$657,MATCH('생산계획(잉크)'!B514,호기!$A$1:$A$657,0),2)) | H62: =C62+F62-INDEX(표5[#All],MATCH(B62,표5[[#All],[잉크]],0),2) -> 0 | I62: =IFERROR(H62/INDEX(표5[#All],MATCH(B62,표5[[#All],[잉크]],0),5),"") | K62: =IF(ISBLANK(J62),"",INDEX(호기!$A$1:$B$657,MATCH('생산계획(잉크)'!B514,호기!$A$1:$A$657,0),2)) | L62: =H62+J62-INDEX(표5[#All],MATCH(B62,표5[[#All],[잉크]],0),5) -> 0 | M62: =IFERROR(L62/INDEX(표5[#All],MATCH(B62,표5[[#All],[잉크]],0),8),"") | O62: =IF(ISBLANK(N62),"",INDEX(호기!$A$1:$B$657,MATCH('생산계획(잉크)'!B514,호기!$A$1:$A$657,0),2)) | P62: =L62+N62-INDEX(표5[#All],MATCH(B62,표5[[#All],[잉크]],0),5) -> 0 | Q62: =IFERROR(P62/INDEX(표5[#All],MATCH(B62,표5[[#All],[잉크]],0),11),"") | S62: =IF(ISBLANK(R62),"",INDEX(호기!$A$1:$B$657,MATCH('생산계획(잉크)'!B514,호기!$A$1:$A$657,0),2)) | T62: =P62+R62-INDEX(표5[#All],MATCH(B62,표5[[#All],[잉크]],0),5) -> 0 | U62: =IFERROR(T62/INDEX(표5[#All],MATCH(B62,표5[[#All],[잉크]],0),14),"") | W62: =IF(ISBLANK(V62),"",INDEX(호기!$A$1:$B$657,MATCH('생산계획(잉크)'!B514,호기!$A$1:$A$657,0),2)) | X62: =T62+V62-INDEX(표5[#All],MATCH(B62,표5[[#All],[잉크]],0),5) -> 0 | Y62: =IFERROR(X62/INDEX(표5[#All],MATCH(B62,표5[[#All],[잉크]],0),17),"") | AA62: =IF(ISBLANK(Z62),"",INDEX(호기!$A$1:$B$657,MATCH('생산계획(잉크)'!B514,호기!$A$1:$A$657,0),2)) | AB62: =X62+Z62-INDEX(표5[#All],MATCH(B62,표5[[#All],[잉크]],0),5) -> 0 | AC62: =IFERROR(AB62/INDEX(표5[#All],MATCH(B62,표5[[#All],[잉크]],0),20),"")
B63: MECCA | D63: =IFERROR(C63/INDEX(표5[#All],MATCH(B63,표5[[#All],[잉크]],0),2),"") | E63: =$C63-INDEX(표5[#All],MATCH(B63,표5[[#All],[잉크]],0),24) -> 0 | G63: =IF(ISBLANK(F63),"",INDEX(호기!$A$1:$B$657,MATCH('생산계획(잉크)'!B515,호기!$A$1:$A$657,0),2)) | H63: =C63+F63-INDEX(표5[#All],MATCH(B63,표5[[#All],[잉크]],0),2) -> 0 | I63: =IFERROR(H63/INDEX(표5[#All],MATCH(B63,표5[[#All],[잉크]],0),5),"") | K63: =IF(ISBLANK(J63),"",INDEX(호기!$A$1:$B$657,MATCH('생산계획(잉크)'!B515,호기!$A$1:$A$657,0),2)) | L63: =H63+J63-INDEX(표5[#All],MATCH(B63,표5[[#All],[잉크]],0),5) -> 0 | M63: =IFERROR(L63/INDEX(표5[#All],MATCH(B63,표5[[#All],[잉크]],0),8),"") | O63: =IF(ISBLANK(N63),"",INDEX(호기!$A$1:$B$657,MATCH('생산계획(잉크)'!B515,호기!$A$1:$A$657,0),2)) | P63: =L63+N63-INDEX(표5[#All],MATCH(B63,표5[[#All],[잉크]],0),5) -> 0 | Q63: =IFERROR(P63/INDEX(표5[#All],MATCH(B63,표5[[#All],[잉크]],0),11),"") | S63: =IF(ISBLANK(R63),"",INDEX(호기!$A$1:$B$657,MATCH('생산계획(잉크)'!B515,호기!$A$1:$A$657,0),2)) | T63: =P63+R63-INDEX(표5[#All],MATCH(B63,표5[[#All],[잉크]],0),5) -> 0 | U63: =IFERROR(T63/INDEX(표5[#All],MATCH(B63,표5[[#All],[잉크]],0),14),"") | W63: =IF(ISBLANK(V63),"",INDEX(호기!$A$1:$B$657,MATCH('생산계획(잉크)'!B515,호기!$A$1:$A$657,0),2)) | X63: =T63+V63-INDEX(표5[#All],MATCH(B63,표5[[#All],[잉크]],0),5) -> 0 | Y63: =IFERROR(X63/INDEX(표5[#All],MATCH(B63,표5[[#All],[잉크]],0),17),"") | AA63: =IF(ISBLANK(Z63),"",INDEX(호기!$A$1:$B$657,MATCH('생산계획(잉크)'!B515,호기!$A$1:$A$657,0),2)) | AB63: =X63+Z63-INDEX(표5[#All],MATCH(B63,표5[[#All],[잉크]],0),5) -> 0 | AC63: =IFERROR(AB63/INDEX(표5[#All],MATCH(B63,표5[[#All],[잉크]],0),20),"")
B64: SPIDER | D64: =IFERROR(C64/INDEX(표5[#All],MATCH(B64,표5[[#All],[잉크]],0),2),"") | E64: =$C64-INDEX(표5[#All],MATCH(B64,표5[[#All],[잉크]],0),24) -> 0 | G64: =IF(ISBLANK(F64),"",INDEX(호기!$A$1:$B$657,MATCH('생산계획(잉크)'!B516,호기!$A$1:$A$657,0),2)) | H64: =C64+F64-INDEX(표5[#All],MATCH(B64,표5[[#All],[잉크]],0),2) -> 0 | I64: =IFERROR(H64/INDEX(표5[#All],MATCH(B64,표5[[#All],[잉크]],0),5),"") | K64: =IF(ISBLANK(J64),"",INDEX(호기!$A$1:$B$657,MATCH('생산계획(잉크)'!B516,호기!$A$1:$A$657,0),2)) | L64: =H64+J64-INDEX(표5[#All],MATCH(B64,표5[[#All],[잉크]],0),5) -> 0 | M64: =IFERROR(L64/INDEX(표5[#All],MATCH(B64,표5[[#All],[잉크]],0),8),"") | O64: =IF(ISBLANK(N64),"",INDEX(호기!$A$1:$B$657,MATCH('생산계획(잉크)'!B516,호기!$A$1:$A$657,0),2)) | P64: =L64+N64-INDEX(표5[#All],MATCH(B64,표5[[#All],[잉크]],0),5) -> 0 | Q64: =IFERROR(P64/INDEX(표5[#All],MATCH(B64,표5[[#All],[잉크]],0),11),"") | S64: =IF(ISBLANK(R64),"",INDEX(호기!$A$1:$B$657,MATCH('생산계획(잉크)'!B516,호기!$A$1:$A$657,0),2)) | T64: =P64+R64-INDEX(표5[#All],MATCH(B64,표5[[#All],[잉크]],0),5) -> 0 | U64: =IFERROR(T64/INDEX(표5[#All],MATCH(B64,표5[[#All],[잉크]],0),14),"") | W64: =IF(ISBLANK(V64),"",INDEX(호기!$A$1:$B$657,MATCH('생산계획(잉크)'!B516,호기!$A$1:$A$657,0),2)) | X64: =T64+V64-INDEX(표5[#All],MATCH(B64,표5[[#All],[잉크]],0),5) -> 0 | Y64: =IFERROR(X64/INDEX(표5[#All],MATCH(B64,표5[[#All],[잉크]],0),17),"") | AA64: =IF(ISBLANK(Z64),"",INDEX(호기!$A$1:$B$657,MATCH('생산계획(잉크)'!B516,호기!$A$1:$A$657,0),2)) | AB64: =X64+Z64-INDEX(표5[#All],MATCH(B64,표5[[#All],[잉크]],0),5) -> 0 | AC64: =IFERROR(AB64/INDEX(표5[#All],MATCH(B64,표5[[#All],[잉크]],0),20),"")
B65: SOIL | D65: =IFERROR(C65/INDEX(표5[#All],MATCH(B65,표5[[#All],[잉크]],0),2),"") | E65: =$C65-INDEX(표5[#All],MATCH(B65,표5[[#All],[잉크]],0),24) -> 0 | G65: =IF(ISBLANK(F65),"",INDEX(호기!$A$1:$B$657,MATCH('생산계획(잉크)'!B517,호기!$A$1:$A$657,0),2)) | H65: =C65+F65-INDEX(표5[#All],MATCH(B65,표5[[#All],[잉크]],0),2) -> 0 | I65: =IFERROR(H65/INDEX(표5[#All],MATCH(B65,표5[[#All],[잉크]],0),5),"") | K65: =IF(ISBLANK(J65),"",INDEX(호기!$A$1:$B$657,MATCH('생산계획(잉크)'!B517,호기!$A$1:$A$657,0),2)) | L65: =H65+J65-INDEX(표5[#All],MATCH(B65,표5[[#All],[잉크]],0),5) -> 0 | M65: =IFERROR(L65/INDEX(표5[#All],MATCH(B65,표5[[#All],[잉크]],0),8),"") | O65: =IF(ISBLANK(N65),"",INDEX(호기!$A$1:$B$657,MATCH('생산계획(잉크)'!B517,호기!$A$1:$A$657,0),2)) | P65: =L65+N65-INDEX(표5[#All],MATCH(B65,표5[[#All],[잉크]],0),5) -> 0 | Q65: =IFERROR(P65/INDEX(표5[#All],MATCH(B65,표5[[#All],[잉크]],0),11),"") | S65: =IF(ISBLANK(R65),"",INDEX(호기!$A$1:$B$657,MATCH('생산계획(잉크)'!B517,호기!$A$1:$A$657,0),2)) | T65: =P65+R65-INDEX(표5[#All],MATCH(B65,표5[[#All],[잉크]],0),5) -> 0 | U65: =IFERROR(T65/INDEX(표5[#All],MATCH(B65,표5[[#All],[잉크]],0),14),"") | W65: =IF(ISBLANK(V65),"",INDEX(호기!$A$1:$B$657,MATCH('생산계획(잉크)'!B517,호기!$A$1:$A$657,0),2)) | X65: =T65+V65-INDEX(표5[#All],MATCH(B65,표5[[#All],[잉크]],0),5) -> 0 | Y65: =IFERROR(X65/INDEX(표5[#All],MATCH(B65,표5[[#All],[잉크]],0),17),"") | AA65: =IF(ISBLANK(Z65),"",INDEX(호기!$A$1:$B$657,MATCH('생산계획(잉크)'!B517,호기!$A$1:$A$657,0),2)) | AB65: =X65+Z65-INDEX(표5[#All],MATCH(B65,표5[[#All],[잉크]],0),5) -> 0 | AC65: =IFERROR(AB65/INDEX(표5[#All],MATCH(B65,표5[[#All],[잉크]],0),20),"")
B66: MURKY | D66: =IFERROR(C66/INDEX(표5[#All],MATCH(B66,표5[[#All],[잉크]],0),2),"") | E66: =$C66-INDEX(표5[#All],MATCH(B66,표5[[#All],[잉크]],0),24) -> 0 | G66: =IF(ISBLANK(F66),"",INDEX(호기!$A$1:$B$657,MATCH('생산계획(잉크)'!B518,호기!$A$1:$A$657,0),2)) | H66: =C66+F66-INDEX(표5[#All],MATCH(B66,표5[[#All],[잉크]],0),2) -> 0 | I66: =IFERROR(H66/INDEX(표5[#All],MATCH(B66,표5[[#All],[잉크]],0),5),"") | K66: =IF(ISBLANK(J66),"",INDEX(호기!$A$1:$B$657,MATCH('생산계획(잉크)'!B518,호기!$A$1:$A$657,0),2)) | L66: =H66+J66-INDEX(표5[#All],MATCH(B66,표5[[#All],[잉크]],0),5) -> 0 | M66: =IFERROR(L66/INDEX(표5[#All],MATCH(B66,표5[[#All],[잉크]],0),8),"") | O66: =IF(ISBLANK(N66),"",INDEX(호기!$A$1:$B$657,MATCH('생산계획(잉크)'!B518,호기!$A$1:$A$657,0),2)) | P66: =L66+N66-INDEX(표5[#All],MATCH(B66,표5[[#All],[잉크]],0),5) -> 0 | Q66: =IFERROR(P66/INDEX(표5[#All],MATCH(B66,표5[[#All],[잉크]],0),11),"") | S66: =IF(ISBLANK(R66),"",INDEX(호기!$A$1:$B$657,MATCH('생산계획(잉크)'!B518,호기!$A$1:$A$657,0),2)) | T66: =P66+R66-INDEX(표5[#All],MATCH(B66,표5[[#All],[잉크]],0),5) -> 0 | U66: =IFERROR(T66/INDEX(표5[#All],MATCH(B66,표5[[#All],[잉크]],0),14),"") | W66: =IF(ISBLANK(V66),"",INDEX(호기!$A$1:$B$657,MATCH('생산계획(잉크)'!B518,호기!$A$1:$A$657,0),2)) | X66: =T66+V66-INDEX(표5[#All],MATCH(B66,표5[[#All],[잉크]],0),5) -> 0 | Y66: =IFERROR(X66/INDEX(표5[#All],MATCH(B66,표5[[#All],[잉크]],0),17),"") | AA66: =IF(ISBLANK(Z66),"",INDEX(호기!$A$1:$B$657,MATCH('생산계획(잉크)'!B518,호기!$A$1:$A$657,0),2)) | AB66: =X66+Z66-INDEX(표5[#All],MATCH(B66,표5[[#All],[잉크]],0),5) -> 0 | AC66: =IFERROR(AB66/INDEX(표5[#All],MATCH(B66,표5[[#All],[잉크]],0),20),"")
B67: DBARSON | D67: =IFERROR(C67/INDEX(표5[#All],MATCH(B67,표5[[#All],[잉크]],0),2),"") | E67: =$C67-INDEX(표5[#All],MATCH(B67,표5[[#All],[잉크]],0),24) -> 0 | G67: =IF(ISBLANK(F67),"",INDEX(호기!$A$1:$B$657,MATCH('생산계획(잉크)'!B519,호기!$A$1:$A$657,0),2)) | H67: =C67+F67-INDEX(표5[#All],MATCH(B67,표5[[#All],[잉크]],0),2) -> 0 | I67: =IFERROR(H67/INDEX(표5[#All],MATCH(B67,표5[[#All],[잉크]],0),5),"") | K67: =IF(ISBLANK(J67),"",INDEX(호기!$A$1:$B$657,MATCH('생산계획(잉크)'!B519,호기!$A$1:$A$657,0),2)) | L67: =H67+J67-INDEX(표5[#All],MATCH(B67,표5[[#All],[잉크]],0),5) -> 0 | M67: =IFERROR(L67/INDEX(표5[#All],MATCH(B67,표5[[#All],[잉크]],0),8),"") | O67: =IF(ISBLANK(N67),"",INDEX(호기!$A$1:$B$657,MATCH('생산계획(잉크)'!B519,호기!$A$1:$A$657,0),2)) | P67: =L67+N67-INDEX(표5[#All],MATCH(B67,표5[[#All],[잉크]],0),5) -> 0 | Q67: =IFERROR(P67/INDEX(표5[#All],MATCH(B67,표5[[#All],[잉크]],0),11),"") | S67: =IF(ISBLANK(R67),"",INDEX(호기!$A$1:$B$657,MATCH('생산계획(잉크)'!B519,호기!$A$1:$A$657,0),2)) | T67: =P67+R67-INDEX(표5[#All],MATCH(B67,표5[[#All],[잉크]],0),5) -> 0 | U67: =IFERROR(T67/INDEX(표5[#All],MATCH(B67,표5[[#All],[잉크]],0),14),"") | W67: =IF(ISBLANK(V67),"",INDEX(호기!$A$1:$B$657,MATCH('생산계획(잉크)'!B519,호기!$A$1:$A$657,0),2)) | X67: =T67+V67-INDEX(표5[#All],MATCH(B67,표5[[#All],[잉크]],0),5) -> 0 | Y67: =IFERROR(X67/INDEX(표5[#All],MATCH(B67,표5[[#All],[잉크]],0),17),"") | AA67: =IF(ISBLANK(Z67),"",INDEX(호기!$A$1:$B$657,MATCH('생산계획(잉크)'!B519,호기!$A$1:$A$657,0),2)) | AB67: =X67+Z67-INDEX(표5[#All],MATCH(B67,표5[[#All],[잉크]],0),5) -> 0 | AC67: =IFERROR(AB67/INDEX(표5[#All],MATCH(B67,표5[[#All],[잉크]],0),20),"")
... B93: CAMPANULA | D93: =IFERROR(C93/INDEX(표5[#All],MATCH(B93,표5[[#All],[잉크]],0),2),"") | E93: =$C93-INDEX(표5[#All],MATCH(B93,표5[[#All],[잉크]],0),24) -> 0 | G93: =IF(ISBLANK(F93),"",INDEX(호기!$A$1:$B$657,MATCH('생산계획(잉크)'!B545,호기!$A$1:$A$657,0),2)) | H93: =C93+F93-INDEX(표5[#All],MATCH(B93,표5[[#All],[잉크]],0),2) -> 0 | I93: =IFERROR(H93/INDEX(표5[#All],MATCH(B93,표5[[#All],[잉크]],0),5),"") | K93: =IF(ISBLANK(J93),"",INDEX(호기!$A$1:$B$657,MATCH('생산계획(잉크)'!B545,호기!$A$1:$A$657,0),2)) | L93: =H93+J93-INDEX(표5[#All],MATCH(B93,표5[[#All],[잉크]],0),5) -> 0 | M93: =IFERROR(L93/INDEX(표5[#All],MATCH(B93,표5[[#All],[잉크]],0),8),"") | O93: =IF(ISBLANK(N93),"",INDEX(호기!$A$1:$B$657,MATCH('생산계획(잉크)'!B545,호기!$A$1:$A$657,0),2)) | P93: =L93+N93-INDEX(표5[#All],MATCH(B93,표5[[#All],[잉크]],0),5) -> 0 | Q93: =IFERROR(P93/INDEX(표5[#All],MATCH(B93,표5[[#All],[잉크]],0),11),"") | S93: =IF(ISBLANK(R93),"",INDEX(호기!$A$1:$B$657,MATCH('생산계획(잉크)'!B545,호기!$A$1:$A$657,0),2)) | T93: =P93+R93-INDEX(표5[#All],MATCH(B93,표5[[#All],[잉크]],0),5) -> 0 | U93: =IFERROR(T93/INDEX(표5[#All],MATCH(B93,표5[[#All],[잉크]],0),14),"") | W93: =IF(ISBLANK(V93),"",INDEX(호기!$A$1:$B$657,MATCH('생산계획(잉크)'!B545,호기!$A$1:$A$657,0),2)) | X93: =T93+V93-INDEX(표5[#All],MATCH(B93,표5[[#All],[잉크]],0),5) -> 0 | Y93: =IFERROR(X93/INDEX(표5[#All],MATCH(B93,표5[[#All],[잉크]],0),17),"") | AA93: =IF(ISBLANK(Z93),"",INDEX(호기!$A$1:$B$657,MATCH('생산계획(잉크)'!B545,호기!$A$1:$A$657,0),2)) | AB93: =X93+Z93-INDEX(표5[#All],MATCH(B93,표5[[#All],[잉크]],0),5) -> 0 | AC93: =IFERROR(AB93/INDEX(표5[#All],MATCH(B93,표5[[#All],[잉크]],0),20),"")
B94: GRAPHITE | C94: 7 | D94: =IFERROR(C94/INDEX(표5[#All],MATCH(B94,표5[[#All],[잉크]],0),2),"") -> 7 | E94: =$C94-INDEX(표5[#All],MATCH(B94,표5[[#All],[잉크]],0),24) -> 5 | G94: =IF(ISBLANK(F94),"",INDEX(호기!$A$1:$B$657,MATCH('생산계획(잉크)'!B546,호기!$A$1:$A$657,0),2)) | H94: =C94+F94-INDEX(표5[#All],MATCH(B94,표5[[#All],[잉크]],0),2) -> 6 | I94: =IFERROR(H94/INDEX(표5[#All],MATCH(B94,표5[[#All],[잉크]],0),5),"") | K94: =IF(ISBLANK(J94),"",INDEX(호기!$A$1:$B$657,MATCH('생산계획(잉크)'!B546,호기!$A$1:$A$657,0),2)) | L94: =H94+J94-INDEX(표5[#All],MATCH(B94,표5[[#All],[잉크]],0),5) -> 6 | M94: =IFERROR(L94/INDEX(표5[#All],MATCH(B94,표5[[#All],[잉크]],0),8),"") | O94: =IF(ISBLANK(N94),"",INDEX(호기!$A$1:$B$657,MATCH('생산계획(잉크)'!B546,호기!$A$1:$A$657,0),2)) | P94: =L94+N94-INDEX(표5[#All],MATCH(B94,표5[[#All],[잉크]],0),5) -> 6 | Q94: =IFERROR(P94/INDEX(표5[#All],MATCH(B94,표5[[#All],[잉크]],0),11),"") | S94: =IF(ISBLANK(R94),"",INDEX(호기!$A$1:$B$657,MATCH('생산계획(잉크)'!B546,호기!$A$1:$A$657,0),2)) | T94: =P94+R94-INDEX(표5[#All],MATCH(B94,표5[[#All],[잉크]],0),5) -> 6 | U94: =IFERROR(T94/INDEX(표5[#All],MATCH(B94,표5[[#All],[잉크]],0),14),"") | W94: =IF(ISBLANK(V94),"",INDEX(호기!$A$1:$B$657,MATCH('생산계획(잉크)'!B546,호기!$A$1:$A$657,0),2)) | X94: =T94+V94-INDEX(표5[#All],MATCH(B94,표5[[#All],[잉크]],0),5) -> 6 | Y94: =IFERROR(X94/INDEX(표5[#All],MATCH(B94,표5[[#All],[잉크]],0),17),"") | AA94: =IF(ISBLANK(Z94),"",INDEX(호기!$A$1:$B$657,MATCH('생산계획(잉크)'!B546,호기!$A$1:$A$657,0),2)) | AB94: =X94+Z94-INDEX(표5[#All],MATCH(B94,표5[[#All],[잉크]],0),5) -> 6 | AC94: =IFERROR(AB94/INDEX(표5[#All],MATCH(B94,표5[[#All],[잉크]],0),20),"")
B95: SAMCHI | D95: =IFERROR(C95/INDEX(표5[#All],MATCH(B95,표5[[#All],[잉크]],0),2),"") | E95: =$C95-INDEX(표5[#All],MATCH(B95,표5[[#All],[잉크]],0),24) -> 0 | G95: =IF(ISBLANK(F95),"",INDEX(호기!$A$1:$B$657,MATCH('생산계획(잉크)'!B547,호기!$A$1:$A$657,0),2)) | H95: =C95+F95-INDEX(표5[#All],MATCH(B95,표5[[#All],[잉크]],0),2) -> 0 | I95: =IFERROR(H95/INDEX(표5[#All],MATCH(B95,표5[[#All],[잉크]],0),5),"") | K95: =IF(ISBLANK(J95),"",INDEX(호기!$A$1:$B$657,MATCH('생산계획(잉크)'!B547,호기!$A$1:$A$657,0),2)) | L95: =H95+J95-INDEX(표5[#All],MATCH(B95,표5[[#All],[잉크]],0),5) -> 0 | M95: =IFERROR(L95/INDEX(표5[#All],MATCH(B95,표5[[#All],[잉크]],0),8),"") | O95: =IF(ISBLANK(N95),"",INDEX(호기!$A$1:$B$657,MATCH('생산계획(잉크)'!B547,호기!$A$1:$A$657,0),2)) | P95: =L95+N95-INDEX(표5[#All],MATCH(B95,표5[[#All],[잉크]],0),5) -> 0 | Q95: =IFERROR(P95/INDEX(표5[#All],MATCH(B95,표5[[#All],[잉크]],0),11),"") | S95: =IF(ISBLANK(R95),"",INDEX(호기!$A$1:$B$657,MATCH('생산계획(잉크)'!B547,호기!$A$1:$A$657,0),2)) | T95: =P95+R95-INDEX(표5[#All],MATCH(B95,표5[[#All],[잉크]],0),5) -> 0 | U95: =IFERROR(T95/INDEX(표5[#All],MATCH(B95,표5[[#All],[잉크]],0),14),"") | W95: =IF(ISBLANK(V95),"",INDEX(호기!$A$1:$B$657,MATCH('생산계획(잉크)'!B547,호기!$A$1:$A$657,0),2)) | X95: =T95+V95-INDEX(표5[#All],MATCH(B95,표5[[#All],[잉크]],0),5) -> 0 | Y95: =IFERROR(X95/INDEX(표5[#All],MATCH(B95,표5[[#All],[잉크]],0),17),"") | AA95: =IF(ISBLANK(Z95),"",INDEX(호기!$A$1:$B$657,MATCH('생산계획(잉크)'!B547,호기!$A$1:$A$657,0),2)) | AB95: =X95+Z95-INDEX(표5[#All],MATCH(B95,표5[[#All],[잉크]],0),5) -> 0 | AC95: =IFERROR(AB95/INDEX(표5[#All],MATCH(B95,표5[[#All],[잉크]],0),20),"")
B96: GALCHI | D96: =IFERROR(C96/INDEX(표5[#All],MATCH(B96,표5[[#All],[잉크]],0),2),"") | E96: =$C96-INDEX(표5[#All],MATCH(B96,표5[[#All],[잉크]],0),24) -> 0 | G96: =IF(ISBLANK(F96),"",INDEX(호기!$A$1:$B$657,MATCH('생산계획(잉크)'!B548,호기!$A$1:$A$657,0),2)) | H96: =C96+F96-INDEX(표5[#All],MATCH(B96,표5[[#All],[잉크]],0),2) -> 0 | I96: =IFERROR(H96/INDEX(표5[#All],MATCH(B96,표5[[#All],[잉크]],0),5),"") | K96: =IF(ISBLANK(J96),"",INDEX(호기!$A$1:$B$657,MATCH('생산계획(잉크)'!B548,호기!$A$1:$A$657,0),2)) | L96: =H96+J96-INDEX(표5[#All],MATCH(B96,표5[[#All],[잉크]],0),5) -> 0 | M96: =IFERROR(L96/INDEX(표5[#All],MATCH(B96,표5[[#All],[잉크]],0),8),"") | O96: =IF(ISBLANK(N96),"",INDEX(호기!$A$1:$B$657,MATCH('생산계획(잉크)'!B548,호기!$A$1:$A$657,0),2)) | P96: =L96+N96-INDEX(표5[#All],MATCH(B96,표5[[#All],[잉크]],0),5) -> 0 | Q96: =IFERROR(P96/INDEX(표5[#All],MATCH(B96,표5[[#All],[잉크]],0),11),"") | S96: =IF(ISBLANK(R96),"",INDEX(호기!$A$1:$B$657,MATCH('생산계획(잉크)'!B548,호기!$A$1:$A$657,0),2)) | T96: =P96+R96-INDEX(표5[#All],MATCH(B96,표5[[#All],[잉크]],0),5) -> 0 | U96: =IFERROR(T96/INDEX(표5[#All],MATCH(B96,표5[[#All],[잉크]],0),14),"") | W96: =IF(ISBLANK(V96),"",INDEX(호기!$A$1:$B$657,MATCH('생산계획(잉크)'!B548,호기!$A$1:$A$657,0),2)) | X96: =T96+V96-INDEX(표5[#All],MATCH(B96,표5[[#All],[잉크]],0),5) -> 0 | Y96: =IFERROR(X96/INDEX(표5[#All],MATCH(B96,표5[[#All],[잉크]],0),17),"") | AA96: =IF(ISBLANK(Z96),"",INDEX(호기!$A$1:$B$657,MATCH('생산계획(잉크)'!B548,호기!$A$1:$A$657,0),2)) | AB96: =X96+Z96-INDEX(표5[#All],MATCH(B96,표5[[#All],[잉크]],0),5) -> 0 | AC96: =IFERROR(AB96/INDEX(표5[#All],MATCH(B96,표5[[#All],[잉크]],0),20),"")
B97: NALCHI | D97: =IFERROR(C97/INDEX(표5[#All],MATCH(B97,표5[[#All],[잉크]],0),2),"") | E97: =$C97-INDEX(표5[#All],MATCH(B97,표5[[#All],[잉크]],0),24) -> 0 | G97: =IF(ISBLANK(F97),"",INDEX(호기!$A$1:$B$657,MATCH('생산계획(잉크)'!B549,호기!$A$1:$A$657,0),2)) | H97: =C97+F97-INDEX(표5[#All],MATCH(B97,표5[[#All],[잉크]],0),2) -> 0 | I97: =IFERROR(H97/INDEX(표5[#All],MATCH(B97,표5[[#All],[잉크]],0),5),"") | K97: =IF(ISBLANK(J97),"",INDEX(호기!$A$1:$B$657,MATCH('생산계획(잉크)'!B549,호기!$A$1:$A$657,0),2)) | L97: =H97+J97-INDEX(표5[#All],MATCH(B97,표5[[#All],[잉크]],0),5) -> 0 | M97: =IFERROR(L97/INDEX(표5[#All],MATCH(B97,표5[[#All],[잉크]],0),8),"") | O97: =IF(ISBLANK(N97),"",INDEX(호기!$A$1:$B$657,MATCH('생산계획(잉크)'!B549,호기!$A$1:$A$657,0),2)) | P97: =L97+N97-INDEX(표5[#All],MATCH(B97,표5[[#All],[잉크]],0),5) -> 0 | Q97: =IFERROR(P97/INDEX(표5[#All],MATCH(B97,표5[[#All],[잉크]],0),11),"") | S97: =IF(ISBLANK(R97),"",INDEX(호기!$A$1:$B$657,MATCH('생산계획(잉크)'!B549,호기!$A$1:$A$657,0),2)) | T97: =P97+R97-INDEX(표5[#All],MATCH(B97,표5[[#All],[잉크]],0),5) -> 0 | U97: =IFERROR(T97/INDEX(표5[#All],MATCH(B97,표5[[#All],[잉크]],0),14),"") | W97: =IF(ISBLANK(V97),"",INDEX(호기!$A$1:$B$657,MATCH('생산계획(잉크)'!B549,호기!$A$1:$A$657,0),2)) | X97: =T97+V97-INDEX(표5[#All],MATCH(B97,표5[[#All],[잉크]],0),5) -> 0 | Y97: =IFERROR(X97/INDEX(표5[#All],MATCH(B97,표5[[#All],[잉크]],0),17),"") | AA97: =IF(ISBLANK(Z97),"",INDEX(호기!$A$1:$B$657,MATCH('생산계획(잉크)'!B549,호기!$A$1:$A$657,0),2)) | AB97: =X97+Z97-INDEX(표5[#All],MATCH(B97,표5[[#All],[잉크]],0),5) -> 0 | AC97: =IFERROR(AB97/INDEX(표5[#All],MATCH(B97,표5[[#All],[잉크]],0),20),"")
B98: MESSI | C98: 2 | D98: =IFERROR(C98/INDEX(표5[#All],MATCH(B98,표5[[#All],[잉크]],0),2),"") -> 2 | E98: =$C98-INDEX(표5[#All],MATCH(B98,표5[[#All],[잉크]],0),24) -> -4 | G98: =IF(ISBLANK(F98),"",INDEX(호기!$A$1:$B$657,MATCH('생산계획(잉크)'!B550,호기!$A$1:$A$657,0),2)) | H98: =C98+F98-INDEX(표5[#All],MATCH(B98,표5[[#All],[잉크]],0),2) -> 1 | I98: =IFERROR(H98/INDEX(표5[#All],MATCH(B98,표5[[#All],[잉크]],0),5),"") -> 0.5 | J98: 5 | K98: =IF(ISBLANK(J98),"",INDEX(호기!$A$1:$B$657,MATCH('생산계획(잉크)'!B550,호기!$A$1:$A$657,0),2)) -> 3호기 | L98: =H98+J98-INDEX(표5[#All],MATCH(B98,표5[[#All],[잉크]],0),5) -> 4 | M98: =IFERROR(L98/INDEX(표5[#All],MATCH(B98,표5[[#All],[잉크]],0),8),"") | O98: =IF(ISBLANK(N98),"",INDEX(호기!$A$1:$B$657,MATCH('생산계획(잉크)'!B550,호기!$A$1:$A$657,0),2)) | P98: =L98+N98-INDEX(표5[#All],MATCH(B98,표5[[#All],[잉크]],0),5) -> 2 | Q98: =IFERROR(P98/INDEX(표5[#All],MATCH(B98,표5[[#All],[잉크]],0),11),"") | S98: =IF(ISBLANK(R98),"",INDEX(호기!$A$1:$B$657,MATCH('생산계획(잉크)'!B550,호기!$A$1:$A$657,0),2)) | T98: =P98+R98-INDEX(표5[#All],MATCH(B98,표5[[#All],[잉크]],0),5) -> 0 | U98: =IFERROR(T98/INDEX(표5[#All],MATCH(B98,표5[[#All],[잉크]],0),14),"") | W98: =IF(ISBLANK(V98),"",INDEX(호기!$A$1:$B$657,MATCH('생산계획(잉크)'!B550,호기!$A$1:$A$657,0),2)) | X98: =T98+V98-INDEX(표5[#All],MATCH(B98,표5[[#All],[잉크]],0),5) -> -2 | Y98: =IFERROR(X98/INDEX(표5[#All],MATCH(B98,표5[[#All],[잉크]],0),17),"") | AA98: =IF(ISBLANK(Z98),"",INDEX(호기!$A$1:$B$657,MATCH('생산계획(잉크)'!B550,호기!$A$1:$A$657,0),2)) | AB98: =X98+Z98-INDEX(표5[#All],MATCH(B98,표5[[#All],[잉크]],0),5) -> -4 | AC98: =IFERROR(AB98/INDEX(표5[#All],MATCH(B98,표5[[#All],[잉크]],0),20),"")
B99: SUAREZ | C99: 2 | D99: =IFERROR(C99/INDEX(표5[#All],MATCH(B99,표5[[#All],[잉크]],0),2),"") -> 2 | E99: =$C99-INDEX(표5[#All],MATCH(B99,표5[[#All],[잉크]],0),24) -> -4 | G99: =IF(ISBLANK(F99),"",INDEX(호기!$A$1:$B$657,MATCH('생산계획(잉크)'!B551,호기!$A$1:$A$657,0),2)) | H99: =C99+F99-INDEX(표5[#All],MATCH(B99,표5[[#All],[잉크]],0),2) -> 1 | I99: =IFERROR(H99/INDEX(표5[#All],MATCH(B99,표5[[#All],[잉크]],0),5),"") -> 0.5 | J99: 5 | K99: =IF(ISBLANK(J99),"",INDEX(호기!$A$1:$B$657,MATCH('생산계획(잉크)'!B551,호기!$A$1:$A$657,0),2)) -> 2호기 | L99: =H99+J99-INDEX(표5[#All],MATCH(B99,표5[[#All],[잉크]],0),5) -> 4 | M99: =IFERROR(L99/INDEX(표5[#All],MATCH(B99,표5[[#All],[잉크]],0),8),"") | O99: =IF(ISBLANK(N99),"",INDEX(호기!$A$1:$B$657,MATCH('생산계획(잉크)'!B551,호기!$A$1:$A$657,0),2)) | P99: =L99+N99-INDEX(표5[#All],MATCH(B99,표5[[#All],[잉크]],0),5) -> 2 | Q99: =IFERROR(P99/INDEX(표5[#All],MATCH(B99,표5[[#All],[잉크]],0),11),"") | S99: =IF(ISBLANK(R99),"",INDEX(호기!$A$1:$B$657,MATCH('생산계획(잉크)'!B551,호기!$A$1:$A$657,0),2)) | T99: =P99+R99-INDEX(표5[#All],MATCH(B99,표5[[#All],[잉크]],0),5) -> 0 | U99: =IFERROR(T99/INDEX(표5[#All],MATCH(B99,표5[[#All],[잉크]],0),14),"") | W99: =IF(ISBLANK(V99),"",INDEX(호기!$A$1:$B$657,MATCH('생산계획(잉크)'!B551,호기!$A$1:$A$657,0),2)) | X99: =T99+V99-INDEX(표5[#All],MATCH(B99,표5[[#All],[잉크]],0),5) -> -2 | Y99: =IFERROR(X99/INDEX(표5[#All],MATCH(B99,표5[[#All],[잉크]],0),17),"") | AA99: =IF(ISBLANK(Z99),"",INDEX(호기!$A$1:$B$657,MATCH('생산계획(잉크)'!B551,호기!$A$1:$A$657,0),2)) | AB99: =X99+Z99-INDEX(표5[#All],MATCH(B99,표5[[#All],[잉크]],0),5) -> -4 | AC99: =IFERROR(AB99/INDEX(표5[#All],MATCH(B99,표5[[#All],[잉크]],0),20),"")
B100: NEYMAR | C100: 2 | D100: =IFERROR(C100/INDEX(표5[#All],MATCH(B100,표5[[#All],[잉크]],0),2),"") -> 2 | E100: =$C100-INDEX(표5[#All],MATCH(B100,표5[[#All],[잉크]],0),24) -> -4 | G100: =IF(ISBLANK(F100),"",INDEX(호기!$A$1:$B$657,MATCH('생산계획(잉크)'!B552,호기!$A$1:$A$657,0),2)) | H100: =C100+F100-INDEX(표5[#All],MATCH(B100,표5[[#All],[잉크]],0),2) -> 1 | I100: =IFERROR(H100/INDEX(표5[#All],MATCH(B100,표5[[#All],[잉크]],0),5),"") -> 0.5 | J100: 5 | K100: =IF(ISBLANK(J100),"",INDEX(호기!$A$1:$B$657,MATCH('생산계획(잉크)'!B552,호기!$A$1:$A$657,0),2)) -> 4호기 | L100: =H100+J100-INDEX(표5[#All],MATCH(B100,표5[[#All],[잉크]],0),5) -> 4 | M100: =IFERROR(L100/INDEX(표5[#All],MATCH(B100,표5[[#All],[잉크]],0),8),"") | O100: =IF(ISBLANK(N100),"",INDEX(호기!$A$1:$B$657,MATCH('생산계획(잉크)'!B552,호기!$A$1:$A$657,0),2)) | P100: =L100+N100-INDEX(표5[#All],MATCH(B100,표5[[#All],[잉크]],0),5) -> 2 | Q100: =IFERROR(P100/INDEX(표5[#All],MATCH(B100,표5[[#All],[잉크]],0),11),"") | S100: =IF(ISBLANK(R100),"",INDEX(호기!$A$1:$B$657,MATCH('생산계획(잉크)'!B552,호기!$A$1:$A$657,0),2)) | T100: =P100+R100-INDEX(표5[#All],MATCH(B100,표5[[#All],[잉크]],0),5) -> 0 | U100: =IFERROR(T100/INDEX(표5[#All],MATCH(B100,표5[[#All],[잉크]],0),14),"") | W100: =IF(ISBLANK(V100),"",INDEX(호기!$A$1:$B$657,MATCH('생산계획(잉크)'!B552,호기!$A$1:$A$657,0),2)) | X100: =T100+V100-INDEX(표5[#All],MATCH(B100,표5[[#All],[잉크]],0),5) -> -2 | Y100: =IFERROR(X100/INDEX(표5[#All],MATCH(B100,표5[[#All],[잉크]],0),17),"") | AA100: =IF(ISBLANK(Z100),"",INDEX(호기!$A$1:$B$657,MATCH('생산계획(잉크)'!B552,호기!$A$1:$A$657,0),2)) | AB100: =X100+Z100-INDEX(표5[#All],MATCH(B100,표5[[#All],[잉크]],0),5) -> -4 | AC100: =IFERROR(AB100/INDEX(표5[#All],MATCH(B100,표5[[#All],[잉크]],0),20),"")
B101: LIVERPOOL | D101: =IFERROR(C101/INDEX(표5[#All],MATCH(B101,표5[[#All],[잉크]],0),2),"") | E101: =$C101-INDEX(표5[#All],MATCH(B101,표5[[#All],[잉크]],0),24) -> 0 | G101: =IF(ISBLANK(F101),"",INDEX(호기!$A$1:$B$657,MATCH('생산계획(잉크)'!B553,호기!$A$1:$A$657,0),2)) | H101: =C101+F101-INDEX(표5[#All],MATCH(B101,표5[[#All],[잉크]],0),2) -> 0 | I101: =IFERROR(H101/INDEX(표5[#All],MATCH(B101,표5[[#All],[잉크]],0),5),"") | K101: =IF(ISBLANK(J101),"",INDEX(호기!$A$1:$B$657,MATCH('생산계획(잉크)'!B553,호기!$A$1:$A$657,0),2)) | L101: =H101+J101-INDEX(표5[#All],MATCH(B101,표5[[#All],[잉크]],0),5) -> 0 | M101: =IFERROR(L101/INDEX(표5[#All],MATCH(B101,표5[[#All],[잉크]],0),8),"") | O101: =IF(ISBLANK(N101),"",INDEX(호기!$A$1:$B$657,MATCH('생산계획(잉크)'!B553,호기!$A$1:$A$657,0),2)) | P101: =L101+N101-INDEX(표5[#All],MATCH(B101,표5[[#All],[잉크]],0),5) -> 0 | Q101: =IFERROR(P101/INDEX(표5[#All],MATCH(B101,표5[[#All],[잉크]],0),11),"") | S101: =IF(ISBLANK(R101),"",INDEX(호기!$A$1:$B$657,MATCH('생산계획(잉크)'!B553,호기!$A$1:$A$657,0),2)) | T101: =P101+R101-INDEX(표5[#All],MATCH(B101,표5[[#All],[잉크]],0),5) -> 0 | U101: =IFERROR(T101/INDEX(표5[#All],MATCH(B101,표5[[#All],[잉크]],0),14),"") | W101: =IF(ISBLANK(V101),"",INDEX(호기!$A$1:$B$657,MATCH('생산계획(잉크)'!B553,호기!$A$1:$A$657,0),2)) | X101: =T101+V101-INDEX(표5[#All],MATCH(B101,표5[[#All],[잉크]],0),5) -> 0 | Y101: =IFERROR(X101/INDEX(표5[#All],MATCH(B101,표5[[#All],[잉크]],0),17),"") | AA101: =IF(ISBLANK(Z101),"",INDEX(호기!$A$1:$B$657,MATCH('생산계획(잉크)'!B553,호기!$A$1:$A$657,0),2)) | AB101: =X101+Z101-INDEX(표5[#All],MATCH(B101,표5[[#All],[잉크]],0),5) -> 0 | AC101: =IFERROR(AB101/INDEX(표5[#All],MATCH(B101,표5[[#All],[잉크]],0),20),"")
B102: ARSENAL | D102: =IFERROR(C102/INDEX(표5[#All],MATCH(B102,표5[[#All],[잉크]],0),2),"") | E102: =$C102-INDEX(표5[#All],MATCH(B102,표5[[#All],[잉크]],0),24) -> 0 | G102: =IF(ISBLANK(F102),"",INDEX(호기!$A$1:$B$657,MATCH('생산계획(잉크)'!B554,호기!$A$1:$A$657,0),2)) | H102: =C102+F102-INDEX(표5[#All],MATCH(B102,표5[[#All],[잉크]],0),2) -> 0 | I102: =IFERROR(H102/INDEX(표5[#All],MATCH(B102,표5[[#All],[잉크]],0),5),"") | K102: =IF(ISBLANK(J102),"",INDEX(호기!$A$1:$B$657,MATCH('생산계획(잉크)'!B554,호기!$A$1:$A$657,0),2)) | L102: =H102+J102-INDEX(표5[#All],MATCH(B102,표5[[#All],[잉크]],0),5) -> 0 | M102: =IFERROR(L102/INDEX(표5[#All],MATCH(B102,표5[[#All],[잉크]],0),8),"") | O102: =IF(ISBLANK(N102),"",INDEX(호기!$A$1:$B$657,MATCH('생산계획(잉크)'!B554,호기!$A$1:$A$657,0),2)) | P102: =L102+N102-INDEX(표5[#All],MATCH(B102,표5[[#All],[잉크]],0),5) -> 0 | Q102: =IFERROR(P102/INDEX(표5[#All],MATCH(B102,표5[[#All],[잉크]],0),11),"") | S102: =IF(ISBLANK(R102),"",INDEX(호기!$A$1:$B$657,MATCH('생산계획(잉크)'!B554,호기!$A$1:$A$657,0),2)) | T102: =P102+R102-INDEX(표5[#All],MATCH(B102,표5[[#All],[잉크]],0),5) -> 0 | U102: =IFERROR(T102/INDEX(표5[#All],MATCH(B102,표5[[#All],[잉크]],0),14),"") | W102: =IF(ISBLANK(V102),"",INDEX(호기!$A$1:$B$657,MATCH('생산계획(잉크)'!B554,호기!$A$1:$A$657,0),2)) | X102: =T102+V102-INDEX(표5[#All],MATCH(B102,표5[[#All],[잉크]],0),5) -> 0 | Y102: =IFERROR(X102/INDEX(표5[#All],MATCH(B102,표5[[#All],[잉크]],0),17),"") | AA102: =IF(ISBLANK(Z102),"",INDEX(호기!$A$1:$B$657,MATCH('생산계획(잉크)'!B554,호기!$A$1:$A$657,0),2)) | AB102: =X102+Z102-INDEX(표5[#All],MATCH(B102,표5[[#All],[잉크]],0),5) -> 0 | AC102: =IFERROR(AB102/INDEX(표5[#All],MATCH(B102,표5[[#All],[잉크]],0),20),"")
B103: CHOCO | D103: =IFERROR(C103/INDEX(표5[#All],MATCH(B103,표5[[#All],[잉크]],0),2),"") | E103: =$C103-INDEX(표5[#All],MATCH(B103,표5[[#All],[잉크]],0),24) -> 0 | G103: =IF(ISBLANK(F103),"",INDEX(호기!$A$1:$B$657,MATCH('생산계획(잉크)'!B555,호기!$A$1:$A$657,0),2)) | H103: =C103+F103-INDEX(표5[#All],MATCH(B103,표5[[#All],[잉크]],0),2) -> 0 | I103: =IFERROR(H103/INDEX(표5[#All],MATCH(B103,표5[[#All],[잉크]],0),5),"") | K103: =IF(ISBLANK(J103),"",INDEX(호기!$A$1:$B$657,MATCH('생산계획(잉크)'!B555,호기!$A$1:$A$657,0),2)) | L103: =H103+J103-INDEX(표5[#All],MATCH(B103,표5[[#All],[잉크]],0),5) -> 0 | M103: =IFERROR(L103/INDEX(표5[#All],MATCH(B103,표5[[#All],[잉크]],0),8),"") | O103: =IF(ISBLANK(N103),"",INDEX(호기!$A$1:$B$657,MATCH('생산계획(잉크)'!B555,호기!$A$1:$A$657,0),2)) | P103: =L103+N103-INDEX(표5[#All],MATCH(B103,표5[[#All],[잉크]],0),5) -> 0 | Q103: =IFERROR(P103/INDEX(표5[#All],MATCH(B103,표5[[#All],[잉크]],0),11),"") | S103: =IF(ISBLANK(R103),"",INDEX(호기!$A$1:$B$657,MATCH('생산계획(잉크)'!B555,호기!$A$1:$A$657,0),2)) | T103: =P103+R103-INDEX(표5[#All],MATCH(B103,표5[[#All],[잉크]],0),5) -> 0 | U103: =IFERROR(T103/INDEX(표5[#All],MATCH(B103,표5[[#All],[잉크]],0),14),"") | W103: =IF(ISBLANK(V103),"",INDEX(호기!$A$1:$B$657,MATCH('생산계획(잉크)'!B555,호기!$A$1:$A$657,0),2)) | X103: =T103+V103-INDEX(표5[#All],MATCH(B103,표5[[#All],[잉크]],0),5) -> 0 | Y103: =IFERROR(X103/INDEX(표5[#All],MATCH(B103,표5[[#All],[잉크]],0),17),"") | AA103: =IF(ISBLANK(Z103),"",INDEX(호기!$A$1:$B$657,MATCH('생산계획(잉크)'!B555,호기!$A$1:$A$657,0),2)) | AB103: =X103+Z103-INDEX(표5[#All],MATCH(B103,표5[[#All],[잉크]],0),5) -> 0 | AC103: =IFERROR(AB103/INDEX(표5[#All],MATCH(B103,표5[[#All],[잉크]],0),20),"")
B104: PALOMA | D104: =IFERROR(C104/INDEX(표5[#All],MATCH(B104,표5[[#All],[잉크]],0),2),"") | E104: =$C104-INDEX(표5[#All],MATCH(B104,표5[[#All],[잉크]],0),24) -> 0 | G104: =IF(ISBLANK(F104),"",INDEX(호기!$A$1:$B$657,MATCH('생산계획(잉크)'!B556,호기!$A$1:$A$657,0),2)) | H104: =C104+F104-INDEX(표5[#All],MATCH(B104,표5[[#All],[잉크]],0),2) -> 0 | I104: =IFERROR(H104/INDEX(표5[#All],MATCH(B104,표5[[#All],[잉크]],0),5),"") | K104: =IF(ISBLANK(J104),"",INDEX(호기!$A$1:$B$657,MATCH('생산계획(잉크)'!B556,호기!$A$1:$A$657,0),2)) | L104: =H104+J104-INDEX(표5[#All],MATCH(B104,표5[[#All],[잉크]],0),5) -> 0 | M104: =IFERROR(L104/INDEX(표5[#All],MATCH(B104,표5[[#All],[잉크]],0),8),"") | O104: =IF(ISBLANK(N104),"",INDEX(호기!$A$1:$B$657,MATCH('생산계획(잉크)'!B556,호기!$A$1:$A$657,0),2)) | P104: =L104+N104-INDEX(표5[#All],MATCH(B104,표5[[#All],[잉크]],0),5) -> 0 | Q104: =IFERROR(P104/INDEX(표5[#All],MATCH(B104,표5[[#All],[잉크]],0),11),"") | S104: =IF(ISBLANK(R104),"",INDEX(호기!$A$1:$B$657,MATCH('생산계획(잉크)'!B556,호기!$A$1:$A$657,0),2)) | T104: =P104+R104-INDEX(표5[#All],MATCH(B104,표5[[#All],[잉크]],0),5) -> 0 | U104: =IFERROR(T104/INDEX(표5[#All],MATCH(B104,표5[[#All],[잉크]],0),14),"") | W104: =IF(ISBLANK(V104),"",INDEX(호기!$A$1:$B$657,MATCH('생산계획(잉크)'!B556,호기!$A$1:$A$657,0),2)) | X104: =T104+V104-INDEX(표5[#All],MATCH(B104,표5[[#All],[잉크]],0),5) -> 0 | Y104: =IFERROR(X104/INDEX(표5[#All],MATCH(B104,표5[[#All],[잉크]],0),17),"") | AA104: =IF(ISBLANK(Z104),"",INDEX(호기!$A$1:$B$657,MATCH('생산계획(잉크)'!B556,호기!$A$1:$A$657,0),2)) | AB104: =X104+Z104-INDEX(표5[#All],MATCH(B104,표5[[#All],[잉크]],0),5) -> 0 | AC104: =IFERROR(AB104/INDEX(표5[#All],MATCH(B104,표5[[#All],[잉크]],0),20),"")
B105: ALESAN | D105: =IFERROR(C105/INDEX(표5[#All],MATCH(B105,표5[[#All],[잉크]],0),2),"") | E105: =$C105-INDEX(표5[#All],MATCH(B105,표5[[#All],[잉크]],0),24) -> 0 | G105: =IF(ISBLANK(F105),"",INDEX(호기!$A$1:$B$657,MATCH('생산계획(잉크)'!B557,호기!$A$1:$A$657,0),2)) | H105: =C105+F105-INDEX(표5[#All],MATCH(B105,표5[[#All],[잉크]],0),2) -> 0 | I105: =IFERROR(H105/INDEX(표5[#All],MATCH(B105,표5[[#All],[잉크]],0),5),"") | K105: =IF(ISBLANK(J105),"",INDEX(호기!$A$1:$B$657,MATCH('생산계획(잉크)'!B557,호기!$A$1:$A$657,0),2)) | L105: =H105+J105-INDEX(표5[#All],MATCH(B105,표5[[#All],[잉크]],0),5) -> 0 | M105: =IFERROR(L105/INDEX(표5[#All],MATCH(B105,표5[[#All],[잉크]],0),8),"") | O105: =IF(ISBLANK(N105),"",INDEX(호기!$A$1:$B$657,MATCH('생산계획(잉크)'!B557,호기!$A$1:$A$657,0),2)) | P105: =L105+N105-INDEX(표5[#All],MATCH(B105,표5[[#All],[잉크]],0),5) -> 0 | Q105: =IFERROR(P105/INDEX(표5[#All],MATCH(B105,표5[[#All],[잉크]],0),11),"") | S105: =IF(ISBLANK(R105),"",INDEX(호기!$A$1:$B$657,MATCH('생산계획(잉크)'!B557,호기!$A$1:$A$657,0),2)) | T105: =P105+R105-INDEX(표5[#All],MATCH(B105,표5[[#All],[잉크]],0),5) -> 0 | U105: =IFERROR(T105/INDEX(표5[#All],MATCH(B105,표5[[#All],[잉크]],0),14),"") | W105: =IF(ISBLANK(V105),"",INDEX(호기!$A$1:$B$657,MATCH('생산계획(잉크)'!B557,호기!$A$1:$A$657,0),2)) | X105: =T105+V105-INDEX(표5[#All],MATCH(B105,표5[[#All],[잉크]],0),5) -> 0 | Y105: =IFERROR(X105/INDEX(표5[#All],MATCH(B105,표5[[#All],[잉크]],0),17),"") | AA105: =IF(ISBLANK(Z105),"",INDEX(호기!$A$1:$B$657,MATCH('생산계획(잉크)'!B557,호기!$A$1:$A$657,0),2)) | AB105: =X105+Z105-INDEX(표5[#All],MATCH(B105,표5[[#All],[잉크]],0),5) -> 0 | AC105: =IFERROR(AB105/INDEX(표5[#All],MATCH(B105,표5[[#All],[잉크]],0),20),"")
B106: MAGPIE | D106: =IFERROR(C106/INDEX(표5[#All],MATCH(B106,표5[[#All],[잉크]],0),2),"") | E106: =$C106-INDEX(표5[#All],MATCH(B106,표5[[#All],[잉크]],0),24) -> 0 | G106: =IF(ISBLANK(F106),"",INDEX(호기!$A$1:$B$657,MATCH('생산계획(잉크)'!B558,호기!$A$1:$A$657,0),2)) | H106: =C106+F106-INDEX(표5[#All],MATCH(B106,표5[[#All],[잉크]],0),2) -> 0 | I106: =IFERROR(H106/INDEX(표5[#All],MATCH(B106,표5[[#All],[잉크]],0),5),"") | K106: =IF(ISBLANK(J106),"",INDEX(호기!$A$1:$B$657,MATCH('생산계획(잉크)'!B558,호기!$A$1:$A$657,0),2)) | L106: =H106+J106-INDEX(표5[#All],MATCH(B106,표5[[#All],[잉크]],0),5) -> 0 | M106: =IFERROR(L106/INDEX(표5[#All],MATCH(B106,표5[[#All],[잉크]],0),8),"") | O106: =IF(ISBLANK(N106),"",INDEX(호기!$A$1:$B$657,MATCH('생산계획(잉크)'!B558,호기!$A$1:$A$657,0),2)) | P106: =L106+N106-INDEX(표5[#All],MATCH(B106,표5[[#All],[잉크]],0),5) -> 0 | Q106: =IFERROR(P106/INDEX(표5[#All],MATCH(B106,표5[[#All],[잉크]],0),11),"") | S106: =IF(ISBLANK(R106),"",INDEX(호기!$A$1:$B$657,MATCH('생산계획(잉크)'!B558,호기!$A$1:$A$657,0),2)) | T106: =P106+R106-INDEX(표5[#All],MATCH(B106,표5[[#All],[잉크]],0),5) -> 0 | U106: =IFERROR(T106/INDEX(표5[#All],MATCH(B106,표5[[#All],[잉크]],0),14),"") | W106: =IF(ISBLANK(V106),"",INDEX(호기!$A$1:$B$657,MATCH('생산계획(잉크)'!B558,호기!$A$1:$A$657,0),2)) | X106: =T106+V106-INDEX(표5[#All],MATCH(B106,표5[[#All],[잉크]],0),5) -> 0 | Y106: =IFERROR(X106/INDEX(표5[#All],MATCH(B106,표5[[#All],[잉크]],0),17),"") | AA106: =IF(ISBLANK(Z106),"",INDEX(호기!$A$1:$B$657,MATCH('생산계획(잉크)'!B558,호기!$A$1:$A$657,0),2)) | AB106: =X106+Z106-INDEX(표5[#All],MATCH(B106,표5[[#All],[잉크]],0),5) -> 0 | AC106: =IFERROR(AB106/INDEX(표5[#All],MATCH(B106,표5[[#All],[잉크]],0),20),"")
B107: BAG | D107: =IFERROR(C107/INDEX(표5[#All],MATCH(B107,표5[[#All],[잉크]],0),2),"") | E107: =$C107-INDEX(표5[#All],MATCH(B107,표5[[#All],[잉크]],0),24) -> 0 | G107: =IF(ISBLANK(F107),"",INDEX(호기!$A$1:$B$657,MATCH('생산계획(잉크)'!B559,호기!$A$1:$A$657,0),2)) | H107: =C107+F107-INDEX(표5[#All],MATCH(B107,표5[[#All],[잉크]],0),2) -> 0 | I107: =IFERROR(H107/INDEX(표5[#All],MATCH(B107,표5[[#All],[잉크]],0),5),"") | K107: =IF(ISBLANK(J107),"",INDEX(호기!$A$1:$B$657,MATCH('생산계획(잉크)'!B559,호기!$A$1:$A$657,0),2)) | L107: =H107+J107-INDEX(표5[#All],MATCH(B107,표5[[#All],[잉크]],0),5) -> 0 | M107: =IFERROR(L107/INDEX(표5[#All],MATCH(B107,표5[[#All],[잉크]],0),8),"") | O107: =IF(ISBLANK(N107),"",INDEX(호기!$A$1:$B$657,MATCH('생산계획(잉크)'!B559,호기!$A$1:$A$657,0),2)) | P107: =L107+N107-INDEX(표5[#All],MATCH(B107,표5[[#All],[잉크]],0),5) -> 0 | Q107: =IFERROR(P107/INDEX(표5[#All],MATCH(B107,표5[[#All],[잉크]],0),11),"") | S107: =IF(ISBLANK(R107),"",INDEX(호기!$A$1:$B$657,MATCH('생산계획(잉크)'!B559,호기!$A$1:$A$657,0),2)) | T107: =P107+R107-INDEX(표5[#All],MATCH(B107,표5[[#All],[잉크]],0),5) -> 0 | U107: =IFERROR(T107/INDEX(표5[#All],MATCH(B107,표5[[#All],[잉크]],0),14),"") | W107: =IF(ISBLANK(V107),"",INDEX(호기!$A$1:$B$657,MATCH('생산계획(잉크)'!B559,호기!$A$1:$A$657,0),2)) | X107: =T107+V107-INDEX(표5[#All],MATCH(B107,표5[[#All],[잉크]],0),5) -> 0 | Y107: =IFERROR(X107/INDEX(표5[#All],MATCH(B107,표5[[#All],[잉크]],0),17),"") | AA107: =IF(ISBLANK(Z107),"",INDEX(호기!$A$1:$B$657,MATCH('생산계획(잉크)'!B559,호기!$A$1:$A$657,0),2)) | AB107: =X107+Z107-INDEX(표5[#All],MATCH(B107,표5[[#All],[잉크]],0),5) -> 0 | AC107: =IFERROR(AB107/INDEX(표5[#All],MATCH(B107,표5[[#All],[잉크]],0),20),"")
B108: DAWN | D108: =IFERROR(C108/INDEX(표5[#All],MATCH(B108,표5[[#All],[잉크]],0),2),"") | E108: =$C108-INDEX(표5[#All],MATCH(B108,표5[[#All],[잉크]],0),24) -> 0 | G108: =IF(ISBLANK(F108),"",INDEX(호기!$A$1:$B$657,MATCH('생산계획(잉크)'!B560,호기!$A$1:$A$657,0),2)) | H108: =C108+F108-INDEX(표5[#All],MATCH(B108,표5[[#All],[잉크]],0),2) -> 0 | I108: =IFERROR(H108/INDEX(표5[#All],MATCH(B108,표5[[#All],[잉크]],0),5),"") | K108: =IF(ISBLANK(J108),"",INDEX(호기!$A$1:$B$657,MATCH('생산계획(잉크)'!B560,호기!$A$1:$A$657,0),2)) | L108: =H108+J108-INDEX(표5[#All],MATCH(B108,표5[[#All],[잉크]],0),5) -> 0 | M108: =IFERROR(L108/INDEX(표5[#All],MATCH(B108,표5[[#All],[잉크]],0),8),"") | O108: =IF(ISBLANK(N108),"",INDEX(호기!$A$1:$B$657,MATCH('생산계획(잉크)'!B560,호기!$A$1:$A$657,0),2)) | P108: =L108+N108-INDEX(표5[#All],MATCH(B108,표5[[#All],[잉크]],0),5) -> 0 | Q108: =IFERROR(P108/INDEX(표5[#All],MATCH(B108,표5[[#All],[잉크]],0),11),"") | S108: =IF(ISBLANK(R108),"",INDEX(호기!$A$1:$B$657,MATCH('생산계획(잉크)'!B560,호기!$A$1:$A$657,0),2)) | T108: =P108+R108-INDEX(표5[#All],MATCH(B108,표5[[#All],[잉크]],0),5) -> 0 | U108: =IFERROR(T108/INDEX(표5[#All],MATCH(B108,표5[[#All],[잉크]],0),14),"") | W108: =IF(ISBLANK(V108),"",INDEX(호기!$A$1:$B$657,MATCH('생산계획(잉크)'!B560,호기!$A$1:$A$657,0),2)) | X108: =T108+V108-INDEX(표5[#All],MATCH(B108,표5[[#All],[잉크]],0),5) -> 0 | Y108: =IFERROR(X108/INDEX(표5[#All],MATCH(B108,표5[[#All],[잉크]],0),17),"") | AA108: =IF(ISBLANK(Z108),"",INDEX(호기!$A$1:$B$657,MATCH('생산계획(잉크)'!B560,호기!$A$1:$A$657,0),2)) | AB108: =X108+Z108-INDEX(표5[#All],MATCH(B108,표5[[#All],[잉크]],0),5) -> 0 | AC108: =IFERROR(AB108/INDEX(표5[#All],MATCH(B108,표5[[#All],[잉크]],0),20),"")
B109: PVENUS | D109: =IFERROR(C109/INDEX(표5[#All],MATCH(B109,표5[[#All],[잉크]],0),2),"") | E109: =$C109-INDEX(표5[#All],MATCH(B109,표5[[#All],[잉크]],0),24) -> 0 | G109: =IF(ISBLANK(F109),"",INDEX(호기!$A$1:$B$657,MATCH('생산계획(잉크)'!B561,호기!$A$1:$A$657,0),2)) | H109: =C109+F109-INDEX(표5[#All],MATCH(B109,표5[[#All],[잉크]],0),2) -> 0 | I109: =IFERROR(H109/INDEX(표5[#All],MATCH(B109,표5[[#All],[잉크]],0),5),"") | K109: =IF(ISBLANK(J109),"",INDEX(호기!$A$1:$B$657,MATCH('생산계획(잉크)'!B561,호기!$A$1:$A$657,0),2)) | L109: =H109+J109-INDEX(표5[#All],MATCH(B109,표5[[#All],[잉크]],0),5) -> 0 | M109: =IFERROR(L109/INDEX(표5[#All],MATCH(B109,표5[[#All],[잉크]],0),8),"") | O109: =IF(ISBLANK(N109),"",INDEX(호기!$A$1:$B$657,MATCH('생산계획(잉크)'!B561,호기!$A$1:$A$657,0),2)) | P109: =L109+N109-INDEX(표5[#All],MATCH(B109,표5[[#All],[잉크]],0),5) -> 0 | Q109: =IFERROR(P109/INDEX(표5[#All],MATCH(B109,표5[[#All],[잉크]],0),11),"") | S109: =IF(ISBLANK(R109),"",INDEX(호기!$A$1:$B$657,MATCH('생산계획(잉크)'!B561,호기!$A$1:$A$657,0),2)) | T109: =P109+R109-INDEX(표5[#All],MATCH(B109,표5[[#All],[잉크]],0),5) -> 0 | U109: =IFERROR(T109/INDEX(표5[#All],MATCH(B109,표5[[#All],[잉크]],0),14),"") | W109: =IF(ISBLANK(V109),"",INDEX(호기!$A$1:$B$657,MATCH('생산계획(잉크)'!B561,호기!$A$1:$A$657,0),2)) | X109: =T109+V109-INDEX(표5[#All],MATCH(B109,표5[[#All],[잉크]],0),5) -> 0 | Y109: =IFERROR(X109/INDEX(표5[#All],MATCH(B109,표5[[#All],[잉크]],0),17),"") | AA109: =IF(ISBLANK(Z109),"",INDEX(호기!$A$1:$B$657,MATCH('생산계획(잉크)'!B561,호기!$A$1:$A$657,0),2)) | AB109: =X109+Z109-INDEX(표5[#All],MATCH(B109,표5[[#All],[잉크]],0),5) -> 0 | AC109: =IFERROR(AB109/INDEX(표5[#All],MATCH(B109,표5[[#All],[잉크]],0),20),"")
B110: BELT | D110: =IFERROR(C110/INDEX(표5[#All],MATCH(B110,표5[[#All],[잉크]],0),2),"") | E110: =$C110-INDEX(표5[#All],MATCH(B110,표5[[#All],[잉크]],0),24) -> 0 | G110: =IF(ISBLANK(F110),"",INDEX(호기!$A$1:$B$657,MATCH('생산계획(잉크)'!B562,호기!$A$1:$A$657,0),2)) | H110: =C110+F110-INDEX(표5[#All],MATCH(B110,표5[[#All],[잉크]],0),2) -> 0 | I110: =IFERROR(H110/INDEX(표5[#All],MATCH(B110,표5[[#All],[잉크]],0),5),"") | K110: =IF(ISBLANK(J110),"",INDEX(호기!$A$1:$B$657,MATCH('생산계획(잉크)'!B562,호기!$A$1:$A$657,0),2)) | L110: =H110+J110-INDEX(표5[#All],MATCH(B110,표5[[#All],[잉크]],0),5) -> 0 | M110: =IFERROR(L110/INDEX(표5[#All],MATCH(B110,표5[[#All],[잉크]],0),8),"") | O110: =IF(ISBLANK(N110),"",INDEX(호기!$A$1:$B$657,MATCH('생산계획(잉크)'!B562,호기!$A$1:$A$657,0),2)) | P110: =L110+N110-INDEX(표5[#All],MATCH(B110,표5[[#All],[잉크]],0),5) -> 0 | Q110: =IFERROR(P110/INDEX(표5[#All],MATCH(B110,표5[[#All],[잉크]],0),11),"") | S110: =IF(ISBLANK(R110),"",INDEX(호기!$A$1:$B$657,MATCH('생산계획(잉크)'!B562,호기!$A$1:$A$657,0),2)) | T110: =P110+R110-INDEX(표5[#All],MATCH(B110,표5[[#All],[잉크]],0),5) -> 0 | U110: =IFERROR(T110/INDEX(표5[#All],MATCH(B110,표5[[#All],[잉크]],0),14),"") | W110: =IF(ISBLANK(V110),"",INDEX(호기!$A$1:$B$657,MATCH('생산계획(잉크)'!B562,호기!$A$1:$A$657,0),2)) | X110: =T110+V110-INDEX(표5[#All],MATCH(B110,표5[[#All],[잉크]],0),5) -> 0 | Y110: =IFERROR(X110/INDEX(표5[#All],MATCH(B110,표5[[#All],[잉크]],0),17),"") | AA110: =IF(ISBLANK(Z110),"",INDEX(호기!$A$1:$B$657,MATCH('생산계획(잉크)'!B562,호기!$A$1:$A$657,0),2)) | AB110: =X110+Z110-INDEX(표5[#All],MATCH(B110,표5[[#All],[잉크]],0),5) -> 0 | AC110: =IFERROR(AB110/INDEX(표5[#All],MATCH(B110,표5[[#All],[잉크]],0),20),"")
B111: VENUS | D111: =IFERROR(C111/INDEX(표5[#All],MATCH(B111,표5[[#All],[잉크]],0),2),"") | E111: =$C111-INDEX(표5[#All],MATCH(B111,표5[[#All],[잉크]],0),24) -> 0 | G111: =IF(ISBLANK(F111),"",INDEX(호기!$A$1:$B$657,MATCH('생산계획(잉크)'!B563,호기!$A$1:$A$657,0),2)) | H111: =C111+F111-INDEX(표5[#All],MATCH(B111,표5[[#All],[잉크]],0),2) -> 0 | I111: =IFERROR(H111/INDEX(표5[#All],MATCH(B111,표5[[#All],[잉크]],0),5),"") | K111: =IF(ISBLANK(J111),"",INDEX(호기!$A$1:$B$657,MATCH('생산계획(잉크)'!B563,호기!$A$1:$A$657,0),2)) | L111: =H111+J111-INDEX(표5[#All],MATCH(B111,표5[[#All],[잉크]],0),5) -> 0 | M111: =IFERROR(L111/INDEX(표5[#All],MATCH(B111,표5[[#All],[잉크]],0),8),"") | O111: =IF(ISBLANK(N111),"",INDEX(호기!$A$1:$B$657,MATCH('생산계획(잉크)'!B563,호기!$A$1:$A$657,0),2)) | P111: =L111+N111-INDEX(표5[#All],MATCH(B111,표5[[#All],[잉크]],0),5) -> 0 | Q111: =IFERROR(P111/INDEX(표5[#All],MATCH(B111,표5[[#All],[잉크]],0),11),"") | S111: =IF(ISBLANK(R111),"",INDEX(호기!$A$1:$B$657,MATCH('생산계획(잉크)'!B563,호기!$A$1:$A$657,0),2)) | T111: =P111+R111-INDEX(표5[#All],MATCH(B111,표5[[#All],[잉크]],0),5) -> 0 | U111: =IFERROR(T111/INDEX(표5[#All],MATCH(B111,표5[[#All],[잉크]],0),14),"") | W111: =IF(ISBLANK(V111),"",INDEX(호기!$A$1:$B$657,MATCH('생산계획(잉크)'!B563,호기!$A$1:$A$657,0),2)) | X111: =T111+V111-INDEX(표5[#All],MATCH(B111,표5[[#All],[잉크]],0),5) -> 0 | Y111: =IFERROR(X111/INDEX(표5[#All],MATCH(B111,표5[[#All],[잉크]],0),17),"") | AA111: =IF(ISBLANK(Z111),"",INDEX(호기!$A$1:$B$657,MATCH('생산계획(잉크)'!B563,호기!$A$1:$A$657,0),2)) | AB111: =X111+Z111-INDEX(표5[#All],MATCH(B111,표5[[#All],[잉크]],0),5) -> 0 | AC111: =IFERROR(AB111/INDEX(표5[#All],MATCH(B111,표5[[#All],[잉크]],0),20),"")
B112: ZINNIA | D112: =IFERROR(C112/INDEX(표5[#All],MATCH(B112,표5[[#All],[잉크]],0),2),"") | E112: =$C112-INDEX(표5[#All],MATCH(B112,표5[[#All],[잉크]],0),24) -> 0 | G112: =IF(ISBLANK(F112),"",INDEX(호기!$A$1:$B$657,MATCH('생산계획(잉크)'!B564,호기!$A$1:$A$657,0),2)) | H112: =C112+F112-INDEX(표5[#All],MATCH(B112,표5[[#All],[잉크]],0),2) -> 0 | I112: =IFERROR(H112/INDEX(표5[#All],MATCH(B112,표5[[#All],[잉크]],0),5),"") | K112: =IF(ISBLANK(J112),"",INDEX(호기!$A$1:$B$657,MATCH('생산계획(잉크)'!B564,호기!$A$1:$A$657,0),2)) | L112: =H112+J112-INDEX(표5[#All],MATCH(B112,표5[[#All],[잉크]],0),5) -> 0 | M112: =IFERROR(L112/INDEX(표5[#All],MATCH(B112,표5[[#All],[잉크]],0),8),"") | O112: =IF(ISBLANK(N112),"",INDEX(호기!$A$1:$B$657,MATCH('생산계획(잉크)'!B564,호기!$A$1:$A$657,0),2)) | P112: =L112+N112-INDEX(표5[#All],MATCH(B112,표5[[#All],[잉크]],0),5) -> 0 | Q112: =IFERROR(P112/INDEX(표5[#All],MATCH(B112,표5[[#All],[잉크]],0),11),"") | S112: =IF(ISBLANK(R112),"",INDEX(호기!$A$1:$B$657,MATCH('생산계획(잉크)'!B564,호기!$A$1:$A$657,0),2)) | T112: =P112+R112-INDEX(표5[#All],MATCH(B112,표5[[#All],[잉크]],0),5) -> 0 | U112: =IFERROR(T112/INDEX(표5[#All],MATCH(B112,표5[[#All],[잉크]],0),14),"") | W112: =IF(ISBLANK(V112),"",INDEX(호기!$A$1:$B$657,MATCH('생산계획(잉크)'!B564,호기!$A$1:$A$657,0),2)) | X112: =T112+V112-INDEX(표5[#All],MATCH(B112,표5[[#All],[잉크]],0),5) -> 0 | Y112: =IFERROR(X112/INDEX(표5[#All],MATCH(B112,표5[[#All],[잉크]],0),17),"") | AA112: =IF(ISBLANK(Z112),"",INDEX(호기!$A$1:$B$657,MATCH('생산계획(잉크)'!B564,호기!$A$1:$A$657,0),2)) | AB112: =X112+Z112-INDEX(표5[#All],MATCH(B112,표5[[#All],[잉크]],0),5) -> 0 | AC112: =IFERROR(AB112/INDEX(표5[#All],MATCH(B112,표5[[#All],[잉크]],0),20),"")
... B149: AMARYLLIS | D149: =IFERROR(C149/INDEX(표5[#All],MATCH(B149,표5[[#All],[잉크]],0),2),"") | E149: =$C149-INDEX(표5[#All],MATCH(B149,표5[[#All],[잉크]],0),24) -> 0 | G149: =IF(ISBLANK(F149),"",INDEX(호기!$A$1:$B$657,MATCH('생산계획(잉크)'!B601,호기!$A$1:$A$657,0),2)) | H149: =C149+F149-INDEX(표5[#All],MATCH(B149,표5[[#All],[잉크]],0),2) -> 0 | I149: =IFERROR(H149/INDEX(표5[#All],MATCH(B149,표5[[#All],[잉크]],0),5),"") | K149: =IF(ISBLANK(J149),"",INDEX(호기!$A$1:$B$657,MATCH('생산계획(잉크)'!B601,호기!$A$1:$A$657,0),2)) | L149: =H149+J149-INDEX(표5[#All],MATCH(B149,표5[[#All],[잉크]],0),5) -> 0 | M149: =IFERROR(L149/INDEX(표5[#All],MATCH(B149,표5[[#All],[잉크]],0),8),"") | O149: =IF(ISBLANK(N149),"",INDEX(호기!$A$1:$B$657,MATCH('생산계획(잉크)'!B601,호기!$A$1:$A$657,0),2)) | P149: =L149+N149-INDEX(표5[#All],MATCH(B149,표5[[#All],[잉크]],0),5) -> 0 | Q149: =IFERROR(P149/INDEX(표5[#All],MATCH(B149,표5[[#All],[잉크]],0),11),"") | S149: =IF(ISBLANK(R149),"",INDEX(호기!$A$1:$B$657,MATCH('생산계획(잉크)'!B601,호기!$A$1:$A$657,0),2)) | T149: =P149+R149-INDEX(표5[#All],MATCH(B149,표5[[#All],[잉크]],0),5) -> 0 | U149: =IFERROR(T149/INDEX(표5[#All],MATCH(B149,표5[[#All],[잉크]],0),14),"") | W149: =IF(ISBLANK(V149),"",INDEX(호기!$A$1:$B$657,MATCH('생산계획(잉크)'!B601,호기!$A$1:$A$657,0),2)) | X149: =T149+V149-INDEX(표5[#All],MATCH(B149,표5[[#All],[잉크]],0),5) -> 0 | Y149: =IFERROR(X149/INDEX(표5[#All],MATCH(B149,표5[[#All],[잉크]],0),17),"") | AA149: =IF(ISBLANK(Z149),"",INDEX(호기!$A$1:$B$657,MATCH('생산계획(잉크)'!B601,호기!$A$1:$A$657,0),2)) | AB149: =X149+Z149-INDEX(표5[#All],MATCH(B149,표5[[#All],[잉크]],0),5) -> 0 | AC149: =IFERROR(AB149/INDEX(표5[#All],MATCH(B149,표5[[#All],[잉크]],0),20),"")
B150: FLAX | D150: =IFERROR(C150/INDEX(표5[#All],MATCH(B150,표5[[#All],[잉크]],0),2),"") | E150: =$C150-INDEX(표5[#All],MATCH(B150,표5[[#All],[잉크]],0),24) -> -2 | G150: =IF(ISBLANK(F150),"",INDEX(호기!$A$1:$B$657,MATCH('생산계획(잉크)'!B602,호기!$A$1:$A$657,0),2)) | H150: =C150+F150-INDEX(표5[#All],MATCH(B150,표5[[#All],[잉크]],0),2)+4 -> 4 | I150: =IFERROR(H150/INDEX(표5[#All],MATCH(B150,표5[[#All],[잉크]],0),5),"") -> 4 | K150: =IF(ISBLANK(J150),"",INDEX(호기!$A$1:$B$657,MATCH('생산계획(잉크)'!B602,호기!$A$1:$A$657,0),2)) | L150: =H150+J150-INDEX(표5[#All],MATCH(B150,표5[[#All],[잉크]],0),5) -> 3 | M150: =IFERROR(L150/INDEX(표5[#All],MATCH(B150,표5[[#All],[잉크]],0),8),"") | O150: =IF(ISBLANK(N150),"",INDEX(호기!$A$1:$B$657,MATCH('생산계획(잉크)'!B602,호기!$A$1:$A$657,0),2)) | P150: =L150+N150-INDEX(표5[#All],MATCH(B150,표5[[#All],[잉크]],0),5) -> 2 | Q150: =IFERROR(P150/INDEX(표5[#All],MATCH(B150,표5[[#All],[잉크]],0),11),"") | S150: =IF(ISBLANK(R150),"",INDEX(호기!$A$1:$B$657,MATCH('생산계획(잉크)'!B602,호기!$A$1:$A$657,0),2)) | T150: =P150+R150-INDEX(표5[#All],MATCH(B150,표5[[#All],[잉크]],0),5) -> 1 | U150: =IFERROR(T150/INDEX(표5[#All],MATCH(B150,표5[[#All],[잉크]],0),14),"") | W150: =IF(ISBLANK(V150),"",INDEX(호기!$A$1:$B$657,MATCH('생산계획(잉크)'!B602,호기!$A$1:$A$657,0),2)) | X150: =T150+V150-INDEX(표5[#All],MATCH(B150,표5[[#All],[잉크]],0),5) -> 0 | Y150: =IFERROR(X150/INDEX(표5[#All],MATCH(B150,표5[[#All],[잉크]],0),17),"") | AA150: =IF(ISBLANK(Z150),"",INDEX(호기!$A$1:$B$657,MATCH('생산계획(잉크)'!B602,호기!$A$1:$A$657,0),2)) | AB150: =X150+Z150-INDEX(표5[#All],MATCH(B150,표5[[#All],[잉크]],0),5) -> -1 | AC150: =IFERROR(AB150/INDEX(표5[#All],MATCH(B150,표5[[#All],[잉크]],0),20),"")
B151: SKY | D151: =IFERROR(C151/INDEX(표5[#All],MATCH(B151,표5[[#All],[잉크]],0),2),"") | E151: =$C151-INDEX(표5[#All],MATCH(B151,표5[[#All],[잉크]],0),24) -> -2 | G151: =IF(ISBLANK(F151),"",INDEX(호기!$A$1:$B$657,MATCH('생산계획(잉크)'!B603,호기!$A$1:$A$657,0),2)) | H151: =C151+F151-INDEX(표5[#All],MATCH(B151,표5[[#All],[잉크]],0),2)+5 -> 5 | I151: =IFERROR(H151/INDEX(표5[#All],MATCH(B151,표5[[#All],[잉크]],0),5),"") -> 5 | K151: =IF(ISBLANK(J151),"",INDEX(호기!$A$1:$B$657,MATCH('생산계획(잉크)'!B603,호기!$A$1:$A$657,0),2)) | L151: =H151+J151-INDEX(표5[#All],MATCH(B151,표5[[#All],[잉크]],0),5) -> 4 | M151: =IFERROR(L151/INDEX(표5[#All],MATCH(B151,표5[[#All],[잉크]],0),8),"") | O151: =IF(ISBLANK(N151),"",INDEX(호기!$A$1:$B$657,MATCH('생산계획(잉크)'!B603,호기!$A$1:$A$657,0),2)) | P151: =L151+N151-INDEX(표5[#All],MATCH(B151,표5[[#All],[잉크]],0),5) -> 3 | Q151: =IFERROR(P151/INDEX(표5[#All],MATCH(B151,표5[[#All],[잉크]],0),11),"") | S151: =IF(ISBLANK(R151),"",INDEX(호기!$A$1:$B$657,MATCH('생산계획(잉크)'!B603,호기!$A$1:$A$657,0),2)) | T151: =P151+R151-INDEX(표5[#All],MATCH(B151,표5[[#All],[잉크]],0),5) -> 2 | U151: =IFERROR(T151/INDEX(표5[#All],MATCH(B151,표5[[#All],[잉크]],0),14),"") | W151: =IF(ISBLANK(V151),"",INDEX(호기!$A$1:$B$657,MATCH('생산계획(잉크)'!B603,호기!$A$1:$A$657,0),2)) | X151: =T151+V151-INDEX(표5[#All],MATCH(B151,표5[[#All],[잉크]],0),5) -> 1 | Y151: =IFERROR(X151/INDEX(표5[#All],MATCH(B151,표5[[#All],[잉크]],0),17),"") | AA151: =IF(ISBLANK(Z151),"",INDEX(호기!$A$1:$B$657,MATCH('생산계획(잉크)'!B603,호기!$A$1:$A$657,0),2)) | AB151: =X151+Z151-INDEX(표5[#All],MATCH(B151,표5[[#All],[잉크]],0),5) -> 0 | AC151: =IFERROR(AB151/INDEX(표5[#All],MATCH(B151,표5[[#All],[잉크]],0),20),"")
B152: LAIR | D152: =IFERROR(C152/INDEX(표5[#All],MATCH(B152,표5[[#All],[잉크]],0),2),"") | E152: =$C152-INDEX(표5[#All],MATCH(B152,표5[[#All],[잉크]],0),24) -> 0 | G152: =IF(ISBLANK(F152),"",INDEX(호기!$A$1:$B$657,MATCH('생산계획(잉크)'!B604,호기!$A$1:$A$657,0),2)) | H152: =C152+F152-INDEX(표5[#All],MATCH(B152,표5[[#All],[잉크]],0),2) -> 0 | I152: =IFERROR(H152/INDEX(표5[#All],MATCH(B152,표5[[#All],[잉크]],0),5),"") | K152: =IF(ISBLANK(J152),"",INDEX(호기!$A$1:$B$657,MATCH('생산계획(잉크)'!B604,호기!$A$1:$A$657,0),2)) | L152: =H152+J152-INDEX(표5[#All],MATCH(B152,표5[[#All],[잉크]],0),5) -> 0 | M152: =IFERROR(L152/INDEX(표5[#All],MATCH(B152,표5[[#All],[잉크]],0),8),"") | O152: =IF(ISBLANK(N152),"",INDEX(호기!$A$1:$B$657,MATCH('생산계획(잉크)'!B604,호기!$A$1:$A$657,0),2)) | P152: =L152+N152-INDEX(표5[#All],MATCH(B152,표5[[#All],[잉크]],0),5) -> 0 | Q152: =IFERROR(P152/INDEX(표5[#All],MATCH(B152,표5[[#All],[잉크]],0),11),"") | S152: =IF(ISBLANK(R152),"",INDEX(호기!$A$1:$B$657,MATCH('생산계획(잉크)'!B604,호기!$A$1:$A$657,0),2)) | T152: =P152+R152-INDEX(표5[#All],MATCH(B152,표5[[#All],[잉크]],0),5) -> 0 | U152: =IFERROR(T152/INDEX(표5[#All],MATCH(B152,표5[[#All],[잉크]],0),14),"") | W152: =IF(ISBLANK(V152),"",INDEX(호기!$A$1:$B$657,MATCH('생산계획(잉크)'!B604,호기!$A$1:$A$657,0),2)) | X152: =T152+V152-INDEX(표5[#All],MATCH(B152,표5[[#All],[잉크]],0),5) -> 0 | Y152: =IFERROR(X152/INDEX(표5[#All],MATCH(B152,표5[[#All],[잉크]],0),17),"") | AA152: =IF(ISBLANK(Z152),"",INDEX(호기!$A$1:$B$657,MATCH('생산계획(잉크)'!B604,호기!$A$1:$A$657,0),2)) | AB152: =X152+Z152-INDEX(표5[#All],MATCH(B152,표5[[#All],[잉크]],0),5) -> 0 | AC152: =IFERROR(AB152/INDEX(표5[#All],MATCH(B152,표5[[#All],[잉크]],0),20),"")
B153: WELLDONE | D153: =IFERROR(C153/INDEX(표5[#All],MATCH(B153,표5[[#All],[잉크]],0),2),"") | E153: =$C153-INDEX(표5[#All],MATCH(B153,표5[[#All],[잉크]],0),24) -> 0 | G153: =IF(ISBLANK(F153),"",INDEX(호기!$A$1:$B$657,MATCH('생산계획(잉크)'!B605,호기!$A$1:$A$657,0),2)) | H153: =C153+F153-INDEX(표5[#All],MATCH(B153,표5[[#All],[잉크]],0),2) -> 0 | I153: =IFERROR(H153/INDEX(표5[#All],MATCH(B153,표5[[#All],[잉크]],0),5),"") | K153: =IF(ISBLANK(J153),"",INDEX(호기!$A$1:$B$657,MATCH('생산계획(잉크)'!B605,호기!$A$1:$A$657,0),2)) | L153: =H153+J153-INDEX(표5[#All],MATCH(B153,표5[[#All],[잉크]],0),5) -> 0 | M153: =IFERROR(L153/INDEX(표5[#All],MATCH(B153,표5[[#All],[잉크]],0),8),"") | O153: =IF(ISBLANK(N153),"",INDEX(호기!$A$1:$B$657,MATCH('생산계획(잉크)'!B605,호기!$A$1:$A$657,0),2)) | P153: =L153+N153-INDEX(표5[#All],MATCH(B153,표5[[#All],[잉크]],0),5) -> 0 | Q153: =IFERROR(P153/INDEX(표5[#All],MATCH(B153,표5[[#All],[잉크]],0),11),"") | S153: =IF(ISBLANK(R153),"",INDEX(호기!$A$1:$B$657,MATCH('생산계획(잉크)'!B605,호기!$A$1:$A$657,0),2)) | T153: =P153+R153-INDEX(표5[#All],MATCH(B153,표5[[#All],[잉크]],0),5) -> 0 | U153: =IFERROR(T153/INDEX(표5[#All],MATCH(B153,표5[[#All],[잉크]],0),14),"") | W153: =IF(ISBLANK(V153),"",INDEX(호기!$A$1:$B$657,MATCH('생산계획(잉크)'!B605,호기!$A$1:$A$657,0),2)) | X153: =T153+V153-INDEX(표5[#All],MATCH(B153,표5[[#All],[잉크]],0),5) -> 0 | Y153: =IFERROR(X153/INDEX(표5[#All],MATCH(B153,표5[[#All],[잉크]],0),17),"") | AA153: =IF(ISBLANK(Z153),"",INDEX(호기!$A$1:$B$657,MATCH('생산계획(잉크)'!B605,호기!$A$1:$A$657,0),2)) | AB153: =X153+Z153-INDEX(표5[#All],MATCH(B153,표5[[#All],[잉크]],0),5) -> 0 | AC153: =IFERROR(AB153/INDEX(표5[#All],MATCH(B153,표5[[#All],[잉크]],0),20),"")
B154: IRON | D154: =IFERROR(C154/INDEX(표5[#All],MATCH(B154,표5[[#All],[잉크]],0),2),"") | E154: =$C154-INDEX(표5[#All],MATCH(B154,표5[[#All],[잉크]],0),24) -> 0 | G154: =IF(ISBLANK(F154),"",INDEX(호기!$A$1:$B$657,MATCH('생산계획(잉크)'!B606,호기!$A$1:$A$657,0),2)) | H154: =C154+F154-INDEX(표5[#All],MATCH(B154,표5[[#All],[잉크]],0),2) -> 0 | I154: =IFERROR(H154/INDEX(표5[#All],MATCH(B154,표5[[#All],[잉크]],0),5),"") | K154: =IF(ISBLANK(J154),"",INDEX(호기!$A$1:$B$657,MATCH('생산계획(잉크)'!B606,호기!$A$1:$A$657,0),2)) | L154: =H154+J154-INDEX(표5[#All],MATCH(B154,표5[[#All],[잉크]],0),5) -> 0 | M154: =IFERROR(L154/INDEX(표5[#All],MATCH(B154,표5[[#All],[잉크]],0),8),"") | O154: =IF(ISBLANK(N154),"",INDEX(호기!$A$1:$B$657,MATCH('생산계획(잉크)'!B606,호기!$A$1:$A$657,0),2)) | P154: =L154+N154-INDEX(표5[#All],MATCH(B154,표5[[#All],[잉크]],0),5) -> 0 | Q154: =IFERROR(P154/INDEX(표5[#All],MATCH(B154,표5[[#All],[잉크]],0),11),"") | S154: =IF(ISBLANK(R154),"",INDEX(호기!$A$1:$B$657,MATCH('생산계획(잉크)'!B606,호기!$A$1:$A$657,0),2)) | T154: =P154+R154-INDEX(표5[#All],MATCH(B154,표5[[#All],[잉크]],0),5) -> 0 | U154: =IFERROR(T154/INDEX(표5[#All],MATCH(B154,표5[[#All],[잉크]],0),14),"") | W154: =IF(ISBLANK(V154),"",INDEX(호기!$A$1:$B$657,MATCH('생산계획(잉크)'!B606,호기!$A$1:$A$657,0),2)) | X154: =T154+V154-INDEX(표5[#All],MATCH(B154,표5[[#All],[잉크]],0),5) -> 0 | Y154: =IFERROR(X154/INDEX(표5[#All],MATCH(B154,표5[[#All],[잉크]],0),17),"") | AA154: =IF(ISBLANK(Z154),"",INDEX(호기!$A$1:$B$657,MATCH('생산계획(잉크)'!B606,호기!$A$1:$A$657,0),2)) | AB154: =X154+Z154-INDEX(표5[#All],MATCH(B154,표5[[#All],[잉크]],0),5) -> 0 | AC154: =IFERROR(AB154/INDEX(표5[#All],MATCH(B154,표5[[#All],[잉크]],0),20),"")
B155: PEAT | D155: =IFERROR(C155/INDEX(표5[#All],MATCH(B155,표5[[#All],[잉크]],0),2),"") | E155: =$C155-INDEX(표5[#All],MATCH(B155,표5[[#All],[잉크]],0),24) -> 0 | G155: =IF(ISBLANK(F155),"",INDEX(호기!$A$1:$B$657,MATCH('생산계획(잉크)'!B607,호기!$A$1:$A$657,0),2)) | H155: =C155+F155-INDEX(표5[#All],MATCH(B155,표5[[#All],[잉크]],0),2) -> 0 | I155: =IFERROR(H155/INDEX(표5[#All],MATCH(B155,표5[[#All],[잉크]],0),5),"") | K155: =IF(ISBLANK(J155),"",INDEX(호기!$A$1:$B$657,MATCH('생산계획(잉크)'!B607,호기!$A$1:$A$657,0),2)) | L155: =H155+J155-INDEX(표5[#All],MATCH(B155,표5[[#All],[잉크]],0),5) -> 0 | M155: =IFERROR(L155/INDEX(표5[#All],MATCH(B155,표5[[#All],[잉크]],0),8),"") | O155: =IF(ISBLANK(N155),"",INDEX(호기!$A$1:$B$657,MATCH('생산계획(잉크)'!B607,호기!$A$1:$A$657,0),2)) | P155: =L155+N155-INDEX(표5[#All],MATCH(B155,표5[[#All],[잉크]],0),5) -> 0 | Q155: =IFERROR(P155/INDEX(표5[#All],MATCH(B155,표5[[#All],[잉크]],0),11),"") | S155: =IF(ISBLANK(R155),"",INDEX(호기!$A$1:$B$657,MATCH('생산계획(잉크)'!B607,호기!$A$1:$A$657,0),2)) | T155: =P155+R155-INDEX(표5[#All],MATCH(B155,표5[[#All],[잉크]],0),5) -> 0 | U155: =IFERROR(T155/INDEX(표5[#All],MATCH(B155,표5[[#All],[잉크]],0),14),"") | W155: =IF(ISBLANK(V155),"",INDEX(호기!$A$1:$B$657,MATCH('생산계획(잉크)'!B607,호기!$A$1:$A$657,0),2)) | X155: =T155+V155-INDEX(표5[#All],MATCH(B155,표5[[#All],[잉크]],0),5) -> 0 | Y155: =IFERROR(X155/INDEX(표5[#All],MATCH(B155,표5[[#All],[잉크]],0),17),"") | AA155: =IF(ISBLANK(Z155),"",INDEX(호기!$A$1:$B$657,MATCH('생산계획(잉크)'!B607,호기!$A$1:$A$657,0),2)) | AB155: =X155+Z155-INDEX(표5[#All],MATCH(B155,표5[[#All],[잉크]],0),5) -> 0 | AC155: =IFERROR(AB155/INDEX(표5[#All],MATCH(B155,표5[[#All],[잉크]],0),20),"")
B156: LEMON | D156: =IFERROR(C156/INDEX(표5[#All],MATCH(B156,표5[[#All],[잉크]],0),2),"") | E156: =$C156-INDEX(표5[#All],MATCH(B156,표5[[#All],[잉크]],0),24) -> 0 | G156: =IF(ISBLANK(F156),"",INDEX(호기!$A$1:$B$657,MATCH('생산계획(잉크)'!B608,호기!$A$1:$A$657,0),2)) | H156: =C156+F156-INDEX(표5[#All],MATCH(B156,표5[[#All],[잉크]],0),2) -> 0 | I156: =IFERROR(H156/INDEX(표5[#All],MATCH(B156,표5[[#All],[잉크]],0),5),"") | K156: =IF(ISBLANK(J156),"",INDEX(호기!$A$1:$B$657,MATCH('생산계획(잉크)'!B608,호기!$A$1:$A$657,0),2)) | L156: =H156+J156-INDEX(표5[#All],MATCH(B156,표5[[#All],[잉크]],0),5) -> 0 | M156: =IFERROR(L156/INDEX(표5[#All],MATCH(B156,표5[[#All],[잉크]],0),8),"") | O156: =IF(ISBLANK(N156),"",INDEX(호기!$A$1:$B$657,MATCH('생산계획(잉크)'!B608,호기!$A$1:$A$657,0),2)) | P156: =L156+N156-INDEX(표5[#All],MATCH(B156,표5[[#All],[잉크]],0),5) -> 0 | Q156: =IFERROR(P156/INDEX(표5[#All],MATCH(B156,표5[[#All],[잉크]],0),11),"") | S156: =IF(ISBLANK(R156),"",INDEX(호기!$A$1:$B$657,MATCH('생산계획(잉크)'!B608,호기!$A$1:$A$657,0),2)) | T156: =P156+R156-INDEX(표5[#All],MATCH(B156,표5[[#All],[잉크]],0),5) -> 0 | U156: =IFERROR(T156/INDEX(표5[#All],MATCH(B156,표5[[#All],[잉크]],0),14),"") | W156: =IF(ISBLANK(V156),"",INDEX(호기!$A$1:$B$657,MATCH('생산계획(잉크)'!B608,호기!$A$1:$A$657,0),2)) | X156: =T156+V156-INDEX(표5[#All],MATCH(B156,표5[[#All],[잉크]],0),5) -> 0 | Y156: =IFERROR(X156/INDEX(표5[#All],MATCH(B156,표5[[#All],[잉크]],0),17),"") | AA156: =IF(ISBLANK(Z156),"",INDEX(호기!$A$1:$B$657,MATCH('생산계획(잉크)'!B608,호기!$A$1:$A$657,0),2)) | AB156: =X156+Z156-INDEX(표5[#All],MATCH(B156,표5[[#All],[잉크]],0),5) -> 0 | AC156: =IFERROR(AB156/INDEX(표5[#All],MATCH(B156,표5[[#All],[잉크]],0),20),"")
B157: GRIFFIN | D157: =IFERROR(C157/INDEX(표5[#All],MATCH(B157,표5[[#All],[잉크]],0),2),"") | E157: =$C157-INDEX(표5[#All],MATCH(B157,표5[[#All],[잉크]],0),24) -> 0 | G157: =IF(ISBLANK(F157),"",INDEX(호기!$A$1:$B$657,MATCH('생산계획(잉크)'!B609,호기!$A$1:$A$657,0),2)) | H157: =C157+F157-INDEX(표5[#All],MATCH(B157,표5[[#All],[잉크]],0),2) -> 0 | I157: =IFERROR(H157/INDEX(표5[#All],MATCH(B157,표5[[#All],[잉크]],0),5),"") | K157: =IF(ISBLANK(J157),"",INDEX(호기!$A$1:$B$657,MATCH('생산계획(잉크)'!B609,호기!$A$1:$A$657,0),2)) | L157: =H157+J157-INDEX(표5[#All],MATCH(B157,표5[[#All],[잉크]],0),5) -> 0 | M157: =IFERROR(L157/INDEX(표5[#All],MATCH(B157,표5[[#All],[잉크]],0),8),"") | O157: =IF(ISBLANK(N157),"",INDEX(호기!$A$1:$B$657,MATCH('생산계획(잉크)'!B609,호기!$A$1:$A$657,0),2)) | P157: =L157+N157-INDEX(표5[#All],MATCH(B157,표5[[#All],[잉크]],0),5) -> 0 | Q157: =IFERROR(P157/INDEX(표5[#All],MATCH(B157,표5[[#All],[잉크]],0),11),"") | S157: =IF(ISBLANK(R157),"",INDEX(호기!$A$1:$B$657,MATCH('생산계획(잉크)'!B609,호기!$A$1:$A$657,0),2)) | T157: =P157+R157-INDEX(표5[#All],MATCH(B157,표5[[#All],[잉크]],0),5) -> 0 | U157: =IFERROR(T157/INDEX(표5[#All],MATCH(B157,표5[[#All],[잉크]],0),14),"") | W157: =IF(ISBLANK(V157),"",INDEX(호기!$A$1:$B$657,MATCH('생산계획(잉크)'!B609,호기!$A$1:$A$657,0),2)) | X157: =T157+V157-INDEX(표5[#All],MATCH(B157,표5[[#All],[잉크]],0),5) -> 0 | Y157: =IFERROR(X157/INDEX(표5[#All],MATCH(B157,표5[[#All],[잉크]],0),17),"") | AA157: =IF(ISBLANK(Z157),"",INDEX(호기!$A$1:$B$657,MATCH('생산계획(잉크)'!B609,호기!$A$1:$A$657,0),2)) | AB157: =X157+Z157-INDEX(표5[#All],MATCH(B157,표5[[#All],[잉크]],0),5) -> 0 | AC157: =IFERROR(AB157/INDEX(표5[#All],MATCH(B157,표5[[#All],[잉크]],0),20),"")
B158: MUSTANG | D158: =IFERROR(C158/INDEX(표5[#All],MATCH(B158,표5[[#All],[잉크]],0),2),"") | E158: =$C158-INDEX(표5[#All],MATCH(B158,표5[[#All],[잉크]],0),24) -> 0 | G158: =IF(ISBLANK(F158),"",INDEX(호기!$A$1:$B$657,MATCH('생산계획(잉크)'!B610,호기!$A$1:$A$657,0),2)) | H158: =C158+F158-INDEX(표5[#All],MATCH(B158,표5[[#All],[잉크]],0),2) -> 0 | I158: =IFERROR(H158/INDEX(표5[#All],MATCH(B158,표5[[#All],[잉크]],0),5),"") | K158: =IF(ISBLANK(J158),"",INDEX(호기!$A$1:$B$657,MATCH('생산계획(잉크)'!B610,호기!$A$1:$A$657,0),2)) | L158: =H158+J158-INDEX(표5[#All],MATCH(B158,표5[[#All],[잉크]],0),5) -> 0 | M158: =IFERROR(L158/INDEX(표5[#All],MATCH(B158,표5[[#All],[잉크]],0),8),"") | O158: =IF(ISBLANK(N158),"",INDEX(호기!$A$1:$B$657,MATCH('생산계획(잉크)'!B610,호기!$A$1:$A$657,0),2)) | P158: =L158+N158-INDEX(표5[#All],MATCH(B158,표5[[#All],[잉크]],0),5) -> 0 | Q158: =IFERROR(P158/INDEX(표5[#All],MATCH(B158,표5[[#All],[잉크]],0),11),"") | S158: =IF(ISBLANK(R158),"",INDEX(호기!$A$1:$B$657,MATCH('생산계획(잉크)'!B610,호기!$A$1:$A$657,0),2)) | T158: =P158+R158-INDEX(표5[#All],MATCH(B158,표5[[#All],[잉크]],0),5) -> 0 | U158: =IFERROR(T158/INDEX(표5[#All],MATCH(B158,표5[[#All],[잉크]],0),14),"") | W158: =IF(ISBLANK(V158),"",INDEX(호기!$A$1:$B$657,MATCH('생산계획(잉크)'!B610,호기!$A$1:$A$657,0),2)) | X158: =T158+V158-INDEX(표5[#All],MATCH(B158,표5[[#All],[잉크]],0),5) -> 0 | Y158: =IFERROR(X158/INDEX(표5[#All],MATCH(B158,표5[[#All],[잉크]],0),17),"") | AA158: =IF(ISBLANK(Z158),"",INDEX(호기!$A$1:$B$657,MATCH('생산계획(잉크)'!B610,호기!$A$1:$A$657,0),2)) | AB158: =X158+Z158-INDEX(표5[#All],MATCH(B158,표5[[#All],[잉크]],0),5) -> 0 | AC158: =IFERROR(AB158/INDEX(표5[#All],MATCH(B158,표5[[#All],[잉크]],0),20),"")
B159: RAVEN | D159: =IFERROR(C159/INDEX(표5[#All],MATCH(B159,표5[[#All],[잉크]],0),2),"") | E159: =$C159-INDEX(표5[#All],MATCH(B159,표5[[#All],[잉크]],0),24) -> 0 | G159: =IF(ISBLANK(F159),"",INDEX(호기!$A$1:$B$657,MATCH('생산계획(잉크)'!B611,호기!$A$1:$A$657,0),2)) | H159: =C159+F159-INDEX(표5[#All],MATCH(B159,표5[[#All],[잉크]],0),2) -> 0 | I159: =IFERROR(H159/INDEX(표5[#All],MATCH(B159,표5[[#All],[잉크]],0),5),"") | K159: =IF(ISBLANK(J159),"",INDEX(호기!$A$1:$B$657,MATCH('생산계획(잉크)'!B611,호기!$A$1:$A$657,0),2)) | L159: =H159+J159-INDEX(표5[#All],MATCH(B159,표5[[#All],[잉크]],0),5) -> 0 | M159: =IFERROR(L159/INDEX(표5[#All],MATCH(B159,표5[[#All],[잉크]],0),8),"") | O159: =IF(ISBLANK(N159),"",INDEX(호기!$A$1:$B$657,MATCH('생산계획(잉크)'!B611,호기!$A$1:$A$657,0),2)) | P159: =L159+N159-INDEX(표5[#All],MATCH(B159,표5[[#All],[잉크]],0),5) -> 0 | Q159: =IFERROR(P159/INDEX(표5[#All],MATCH(B159,표5[[#All],[잉크]],0),11),"") | S159: =IF(ISBLANK(R159),"",INDEX(호기!$A$1:$B$657,MATCH('생산계획(잉크)'!B611,호기!$A$1:$A$657,0),2)) | T159: =P159+R159-INDEX(표5[#All],MATCH(B159,표5[[#All],[잉크]],0),5) -> 0 | U159: =IFERROR(T159/INDEX(표5[#All],MATCH(B159,표5[[#All],[잉크]],0),14),"") | W159: =IF(ISBLANK(V159),"",INDEX(호기!$A$1:$B$657,MATCH('생산계획(잉크)'!B611,호기!$A$1:$A$657,0),2)) | X159: =T159+V159-INDEX(표5[#All],MATCH(B159,표5[[#All],[잉크]],0),5) -> 0 | Y159: =IFERROR(X159/INDEX(표5[#All],MATCH(B159,표5[[#All],[잉크]],0),17),"") | AA159: =IF(ISBLANK(Z159),"",INDEX(호기!$A$1:$B$657,MATCH('생산계획(잉크)'!B611,호기!$A$1:$A$657,0),2)) | AB159: =X159+Z159-INDEX(표5[#All],MATCH(B159,표5[[#All],[잉크]],0),5) -> 0 | AC159: =IFERROR(AB159/INDEX(표5[#All],MATCH(B159,표5[[#All],[잉크]],0),20),"")
B160: NUDE | D160: =IFERROR(C160/INDEX(표5[#All],MATCH(B160,표5[[#All],[잉크]],0),2),"") | E160: =$C160-INDEX(표5[#All],MATCH(B160,표5[[#All],[잉크]],0),24) -> 0 | G160: =IF(ISBLANK(F160),"",INDEX(호기!$A$1:$B$657,MATCH('생산계획(잉크)'!B612,호기!$A$1:$A$657,0),2)) | H160: =C160+F160-INDEX(표5[#All],MATCH(B160,표5[[#All],[잉크]],0),2) -> 0 | I160: =IFERROR(H160/INDEX(표5[#All],MATCH(B160,표5[[#All],[잉크]],0),5),"") | K160: =IF(ISBLANK(J160),"",INDEX(호기!$A$1:$B$657,MATCH('생산계획(잉크)'!B612,호기!$A$1:$A$657,0),2)) | L160: =H160+J160-INDEX(표5[#All],MATCH(B160,표5[[#All],[잉크]],0),5) -> 0 | M160: =IFERROR(L160/INDEX(표5[#All],MATCH(B160,표5[[#All],[잉크]],0),8),"") | O160: =IF(ISBLANK(N160),"",INDEX(호기!$A$1:$B$657,MATCH('생산계획(잉크)'!B612,호기!$A$1:$A$657,0),2)) | P160: =L160+N160-INDEX(표5[#All],MATCH(B160,표5[[#All],[잉크]],0),5) -> 0 | Q160: =IFERROR(P160/INDEX(표5[#All],MATCH(B160,표5[[#All],[잉크]],0),11),"") | S160: =IF(ISBLANK(R160),"",INDEX(호기!$A$1:$B$657,MATCH('생산계획(잉크)'!B612,호기!$A$1:$A$657,0),2)) | T160: =P160+R160-INDEX(표5[#All],MATCH(B160,표5[[#All],[잉크]],0),5) -> 0 | U160: =IFERROR(T160/INDEX(표5[#All],MATCH(B160,표5[[#All],[잉크]],0),14),"") | W160: =IF(ISBLANK(V160),"",INDEX(호기!$A$1:$B$657,MATCH('생산계획(잉크)'!B612,호기!$A$1:$A$657,0),2)) | X160: =T160+V160-INDEX(표5[#All],MATCH(B160,표5[[#All],[잉크]],0),5) -> 0 | Y160: =IFERROR(X160/INDEX(표5[#All],MATCH(B160,표5[[#All],[잉크]],0),17),"") | AA160: =IF(ISBLANK(Z160),"",INDEX(호기!$A$1:$B$657,MATCH('생산계획(잉크)'!B612,호기!$A$1:$A$657,0),2)) | AB160: =X160+Z160-INDEX(표5[#All],MATCH(B160,표5[[#All],[잉크]],0),5) -> 0 | AC160: =IFERROR(AB160/INDEX(표5[#All],MATCH(B160,표5[[#All],[잉크]],0),20),"")
B161: SKIN | D161: =IFERROR(C161/INDEX(표5[#All],MATCH(B161,표5[[#All],[잉크]],0),2),"") | E161: =$C161-INDEX(표5[#All],MATCH(B161,표5[[#All],[잉크]],0),24) -> 0 | G161: =IF(ISBLANK(F161),"",INDEX(호기!$A$1:$B$657,MATCH('생산계획(잉크)'!B613,호기!$A$1:$A$657,0),2)) | H161: =C161+F161-INDEX(표5[#All],MATCH(B161,표5[[#All],[잉크]],0),2) -> 0 | I161: =IFERROR(H161/INDEX(표5[#All],MATCH(B161,표5[[#All],[잉크]],0),5),"") | K161: =IF(ISBLANK(J161),"",INDEX(호기!$A$1:$B$657,MATCH('생산계획(잉크)'!B613,호기!$A$1:$A$657,0),2)) | L161: =H161+J161-INDEX(표5[#All],MATCH(B161,표5[[#All],[잉크]],0),5) -> 0 | M161: =IFERROR(L161/INDEX(표5[#All],MATCH(B161,표5[[#All],[잉크]],0),8),"") | O161: =IF(ISBLANK(N161),"",INDEX(호기!$A$1:$B$657,MATCH('생산계획(잉크)'!B613,호기!$A$1:$A$657,0),2)) | P161: =L161+N161-INDEX(표5[#All],MATCH(B161,표5[[#All],[잉크]],0),5) -> 0 | Q161: =IFERROR(P161/INDEX(표5[#All],MATCH(B161,표5[[#All],[잉크]],0),11),"") | S161: =IF(ISBLANK(R161),"",INDEX(호기!$A$1:$B$657,MATCH('생산계획(잉크)'!B613,호기!$A$1:$A$657,0),2)) | T161: =P161+R161-INDEX(표5[#All],MATCH(B161,표5[[#All],[잉크]],0),5) -> 0 | U161: =IFERROR(T161/INDEX(표5[#All],MATCH(B161,표5[[#All],[잉크]],0),14),"") | W161: =IF(ISBLANK(V161),"",INDEX(호기!$A$1:$B$657,MATCH('생산계획(잉크)'!B613,호기!$A$1:$A$657,0),2)) | X161: =T161+V161-INDEX(표5[#All],MATCH(B161,표5[[#All],[잉크]],0),5) -> 0 | Y161: =IFERROR(X161/INDEX(표5[#All],MATCH(B161,표5[[#All],[잉크]],0),17),"") | AA161: =IF(ISBLANK(Z161),"",INDEX(호기!$A$1:$B$657,MATCH('생산계획(잉크)'!B613,호기!$A$1:$A$657,0),2)) | AB161: =X161+Z161-INDEX(표5[#All],MATCH(B161,표5[[#All],[잉크]],0),5) -> 0 | AC161: =IFERROR(AB161/INDEX(표5[#All],MATCH(B161,표5[[#All],[잉크]],0),20),"")
B162: MANGO | D162: =IFERROR(C162/INDEX(표5[#All],MATCH(B162,표5[[#All],[잉크]],0),2),"") | E162: =$C162-INDEX(표5[#All],MATCH(B162,표5[[#All],[잉크]],0),24) -> 0 | G162: =IF(ISBLANK(F162),"",INDEX(호기!$A$1:$B$657,MATCH('생산계획(잉크)'!B614,호기!$A$1:$A$657,0),2)) | H162: =C162+F162-INDEX(표5[#All],MATCH(B162,표5[[#All],[잉크]],0),2) -> 0 | I162: =IFERROR(H162/INDEX(표5[#All],MATCH(B162,표5[[#All],[잉크]],0),5),"") | K162: =IF(ISBLANK(J162),"",INDEX(호기!$A$1:$B$657,MATCH('생산계획(잉크)'!B614,호기!$A$1:$A$657,0),2)) | L162: =H162+J162-INDEX(표5[#All],MATCH(B162,표5[[#All],[잉크]],0),5) -> 0 | M162: =IFERROR(L162/INDEX(표5[#All],MATCH(B162,표5[[#All],[잉크]],0),8),"") | O162: =IF(ISBLANK(N162),"",INDEX(호기!$A$1:$B$657,MATCH('생산계획(잉크)'!B614,호기!$A$1:$A$657,0),2)) | P162: =L162+N162-INDEX(표5[#All],MATCH(B162,표5[[#All],[잉크]],0),5) -> 0 | Q162: =IFERROR(P162/INDEX(표5[#All],MATCH(B162,표5[[#All],[잉크]],0),11),"") | S162: =IF(ISBLANK(R162),"",INDEX(호기!$A$1:$B$657,MATCH('생산계획(잉크)'!B614,호기!$A$1:$A$657,0),2)) | T162: =P162+R162-INDEX(표5[#All],MATCH(B162,표5[[#All],[잉크]],0),5) -> 0 | U162: =IFERROR(T162/INDEX(표5[#All],MATCH(B162,표5[[#All],[잉크]],0),14),"") | W162: =IF(ISBLANK(V162),"",INDEX(호기!$A$1:$B$657,MATCH('생산계획(잉크)'!B614,호기!$A$1:$A$657,0),2)) | X162: =T162+V162-INDEX(표5[#All],MATCH(B162,표5[[#All],[잉크]],0),5) -> 0 | Y162: =IFERROR(X162/INDEX(표5[#All],MATCH(B162,표5[[#All],[잉크]],0),17),"") | AA162: =IF(ISBLANK(Z162),"",INDEX(호기!$A$1:$B$657,MATCH('생산계획(잉크)'!B614,호기!$A$1:$A$657,0),2)) | AB162: =X162+Z162-INDEX(표5[#All],MATCH(B162,표5[[#All],[잉크]],0),5) -> 0 | AC162: =IFERROR(AB162/INDEX(표5[#All],MATCH(B162,표5[[#All],[잉크]],0),20),"")
B163: VANILLA | C163: 0 | D163: =IFERROR(C163/INDEX(표5[#All],MATCH(B163,표5[[#All],[잉크]],0),2),"") -> 0 | E163: =$C163-INDEX(표5[#All],MATCH(B163,표5[[#All],[잉크]],0),24) -> -6 | F163: 3 | G163: =IF(ISBLANK(F163),"",INDEX(호기!$A$1:$B$657,MATCH('생산계획(잉크)'!B615,호기!$A$1:$A$657,0),2)) -> 4호기 | H163: =C163+F163-INDEX(표5[#All],MATCH(B163,표5[[#All],[잉크]],0),2)+1 -> 3 | I163: =IFERROR(H163/INDEX(표5[#All],MATCH(B163,표5[[#All],[잉크]],0),5),"") -> 1.5 | K163: =IF(ISBLANK(J163),"",INDEX(호기!$A$1:$B$657,MATCH('생산계획(잉크)'!B615,호기!$A$1:$A$657,0),2)) | L163: =H163+J163-INDEX(표5[#All],MATCH(B163,표5[[#All],[잉크]],0),5) -> 1 | M163: =IFERROR(L163/INDEX(표5[#All],MATCH(B163,표5[[#All],[잉크]],0),8),"") | O163: =IF(ISBLANK(N163),"",INDEX(호기!$A$1:$B$657,MATCH('생산계획(잉크)'!B615,호기!$A$1:$A$657,0),2)) | P163: =L163+N163-INDEX(표5[#All],MATCH(B163,표5[[#All],[잉크]],0),5) -> -1 | Q163: =IFERROR(P163/INDEX(표5[#All],MATCH(B163,표5[[#All],[잉크]],0),11),"") | S163: =IF(ISBLANK(R163),"",INDEX(호기!$A$1:$B$657,MATCH('생산계획(잉크)'!B615,호기!$A$1:$A$657,0),2)) | T163: =P163+R163-INDEX(표5[#All],MATCH(B163,표5[[#All],[잉크]],0),5) -> -3 | U163: =IFERROR(T163/INDEX(표5[#All],MATCH(B163,표5[[#All],[잉크]],0),14),"") | W163: =IF(ISBLANK(V163),"",INDEX(호기!$A$1:$B$657,MATCH('생산계획(잉크)'!B615,호기!$A$1:$A$657,0),2)) | X163: =T163+V163-INDEX(표5[#All],MATCH(B163,표5[[#All],[잉크]],0),5) -> -5 | Y163: =IFERROR(X163/INDEX(표5[#All],MATCH(B163,표5[[#All],[잉크]],0),17),"") | AA163: =IF(ISBLANK(Z163),"",INDEX(호기!$A$1:$B$657,MATCH('생산계획(잉크)'!B615,호기!$A$1:$A$657,0),2)) | AB163: =X163+Z163-INDEX(표5[#All],MATCH(B163,표5[[#All],[잉크]],0),5) -> -7 | AC163: =IFERROR(AB163/INDEX(표5[#All],MATCH(B163,표5[[#All],[잉크]],0),20),"")
B164: PIGEON | D164: =IFERROR(C164/INDEX(표5[#All],MATCH(B164,표5[[#All],[잉크]],0),2),"") | E164: =$C164-INDEX(표5[#All],MATCH(B164,표5[[#All],[잉크]],0),24) -> 0 | G164: =IF(ISBLANK(F164),"",INDEX(호기!$A$1:$B$657,MATCH('생산계획(잉크)'!B616,호기!$A$1:$A$657,0),2)) | H164: =C164+F164-INDEX(표5[#All],MATCH(B164,표5[[#All],[잉크]],0),2) -> 0 | I164: =IFERROR(H164/INDEX(표5[#All],MATCH(B164,표5[[#All],[잉크]],0),5),"") | K164: =IF(ISBLANK(J164),"",INDEX(호기!$A$1:$B$657,MATCH('생산계획(잉크)'!B616,호기!$A$1:$A$657,0),2)) | L164: =H164+J164-INDEX(표5[#All],MATCH(B164,표5[[#All],[잉크]],0),5) -> 0 | M164: =IFERROR(L164/INDEX(표5[#All],MATCH(B164,표5[[#All],[잉크]],0),8),"") | O164: =IF(ISBLANK(N164),"",INDEX(호기!$A$1:$B$657,MATCH('생산계획(잉크)'!B616,호기!$A$1:$A$657,0),2)) | P164: =L164+N164-INDEX(표5[#All],MATCH(B164,표5[[#All],[잉크]],0),5) -> 0 | Q164: =IFERROR(P164/INDEX(표5[#All],MATCH(B164,표5[[#All],[잉크]],0),11),"") | S164: =IF(ISBLANK(R164),"",INDEX(호기!$A$1:$B$657,MATCH('생산계획(잉크)'!B616,호기!$A$1:$A$657,0),2)) | T164: =P164+R164-INDEX(표5[#All],MATCH(B164,표5[[#All],[잉크]],0),5) -> 0 | U164: =IFERROR(T164/INDEX(표5[#All],MATCH(B164,표5[[#All],[잉크]],0),14),"") | W164: =IF(ISBLANK(V164),"",INDEX(호기!$A$1:$B$657,MATCH('생산계획(잉크)'!B616,호기!$A$1:$A$657,0),2)) | X164: =T164+V164-INDEX(표5[#All],MATCH(B164,표5[[#All],[잉크]],0),5) -> 0 | Y164: =IFERROR(X164/INDEX(표5[#All],MATCH(B164,표5[[#All],[잉크]],0),17),"") | AA164: =IF(ISBLANK(Z164),"",INDEX(호기!$A$1:$B$657,MATCH('생산계획(잉크)'!B616,호기!$A$1:$A$657,0),2)) | AB164: =X164+Z164-INDEX(표5[#All],MATCH(B164,표5[[#All],[잉크]],0),5) -> 0 | AC164: =IFERROR(AB164/INDEX(표5[#All],MATCH(B164,표5[[#All],[잉크]],0),20),"")
B165: WEED | C165: 0 | D165: =IFERROR(C165/INDEX(표5[#All],MATCH(B165,표5[[#All],[잉크]],0),2),"") -> 0 | E165: =$C165-INDEX(표5[#All],MATCH(B165,표5[[#All],[잉크]],0),24) -> -6 | F165: 3 | G165: =IF(ISBLANK(F165),"",INDEX(호기!$A$1:$B$657,MATCH('생산계획(잉크)'!B617,호기!$A$1:$A$657,0),2)) -> 6호기 | H165: =C165+F165-INDEX(표5[#All],MATCH(B165,표5[[#All],[잉크]],0),2)+2 -> 4 | I165: =IFERROR(H165/INDEX(표5[#All],MATCH(B165,표5[[#All],[잉크]],0),5),"") -> 2 | J165: @ | K165: =IF(ISBLANK(J165),"",INDEX(호기!$A$1:$B$657,MATCH('생산계획(잉크)'!B617,호기!$A$1:$A$657,0),2)) -> 6호기 | L165: =H165+J165-INDEX(표5[#All],MATCH(B165,표5[[#All],[잉크]],0),5) -> #VALUE! | M165: =IFERROR(L165/INDEX(표5[#All],MATCH(B165,표5[[#All],[잉크]],0),8),"") | O165: =IF(ISBLANK(N165),"",INDEX(호기!$A$1:$B$657,MATCH('생산계획(잉크)'!B617,호기!$A$1:$A$657,0),2)) | P165: =L165+N165-INDEX(표5[#All],MATCH(B165,표5[[#All],[잉크]],0),5) -> #VALUE! | Q165: =IFERROR(P165/INDEX(표5[#All],MATCH(B165,표5[[#All],[잉크]],0),11),"") | S165: =IF(ISBLANK(R165),"",INDEX(호기!$A$1:$B$657,MATCH('생산계획(잉크)'!B617,호기!$A$1:$A$657,0),2)) | T165: =P165+R165-INDEX(표5[#All],MATCH(B165,표5[[#All],[잉크]],0),5) -> #VALUE! | U165: =IFERROR(T165/INDEX(표5[#All],MATCH(B165,표5[[#All],[잉크]],0),14),"") | W165: =IF(ISBLANK(V165),"",INDEX(호기!$A$1:$B$657,MATCH('생산계획(잉크)'!B617,호기!$A$1:$A$657,0),2)) | X165: =T165+V165-INDEX(표5[#All],MATCH(B165,표5[[#All],[잉크]],0),5) -> #VALUE! | Y165: =IFERROR(X165/INDEX(표5[#All],MATCH(B165,표5[[#All],[잉크]],0),17),"") | AA165: =IF(ISBLANK(Z165),"",INDEX(호기!$A$1:$B$657,MATCH('생산계획(잉크)'!B617,호기!$A$1:$A$657,0),2)) | AB165: =X165+Z165-INDEX(표5[#All],MATCH(B165,표5[[#All],[잉크]],0),5) -> #VALUE! | AC165: =IFERROR(AB165/INDEX(표5[#All],MATCH(B165,표5[[#All],[잉크]],0),20),"")
B166: COBALT | D166: =IFERROR(C166/INDEX(표5[#All],MATCH(B166,표5[[#All],[잉크]],0),2),"") | E166: =$C166-INDEX(표5[#All],MATCH(B166,표5[[#All],[잉크]],0),24) -> 0 | G166: =IF(ISBLANK(F166),"",INDEX(호기!$A$1:$B$657,MATCH('생산계획(잉크)'!B618,호기!$A$1:$A$657,0),2)) | H166: =C166+F166-INDEX(표5[#All],MATCH(B166,표5[[#All],[잉크]],0),2) -> 0 | I166: =IFERROR(H166/INDEX(표5[#All],MATCH(B166,표5[[#All],[잉크]],0),5),"") | K166: =IF(ISBLANK(J166),"",INDEX(호기!$A$1:$B$657,MATCH('생산계획(잉크)'!B618,호기!$A$1:$A$657,0),2)) | L166: =H166+J166-INDEX(표5[#All],MATCH(B166,표5[[#All],[잉크]],0),5) -> 0 | M166: =IFERROR(L166/INDEX(표5[#All],MATCH(B166,표5[[#All],[잉크]],0),8),"") | O166: =IF(ISBLANK(N166),"",INDEX(호기!$A$1:$B$657,MATCH('생산계획(잉크)'!B618,호기!$A$1:$A$657,0),2)) | P166: =L166+N166-INDEX(표5[#All],MATCH(B166,표5[[#All],[잉크]],0),5) -> 0 | Q166: =IFERROR(P166/INDEX(표5[#All],MATCH(B166,표5[[#All],[잉크]],0),11),"") | S166: =IF(ISBLANK(R166),"",INDEX(호기!$A$1:$B$657,MATCH('생산계획(잉크)'!B618,호기!$A$1:$A$657,0),2)) | T166: =P166+R166-INDEX(표5[#All],MATCH(B166,표5[[#All],[잉크]],0),5) -> 0 | U166: =IFERROR(T166/INDEX(표5[#All],MATCH(B166,표5[[#All],[잉크]],0),14),"") | W166: =IF(ISBLANK(V166),"",INDEX(호기!$A$1:$B$657,MATCH('생산계획(잉크)'!B618,호기!$A$1:$A$657,0),2)) | X166: =T166+V166-INDEX(표5[#All],MATCH(B166,표5[[#All],[잉크]],0),5) -> 0 | Y166: =IFERROR(X166/INDEX(표5[#All],MATCH(B166,표5[[#All],[잉크]],0),17),"") | AA166: =IF(ISBLANK(Z166),"",INDEX(호기!$A$1:$B$657,MATCH('생산계획(잉크)'!B618,호기!$A$1:$A$657,0),2)) | AB166: =X166+Z166-INDEX(표5[#All],MATCH(B166,표5[[#All],[잉크]],0),5) -> 0 | AC166: =IFERROR(AB166/INDEX(표5[#All],MATCH(B166,표5[[#All],[잉크]],0),20),"")
B167: TAWNY | D167: =IFERROR(C167/INDEX(표5[#All],MATCH(B167,표5[[#All],[잉크]],0),2),"") | E167: =$C167-INDEX(표5[#All],MATCH(B167,표5[[#All],[잉크]],0),24) -> 0 | G167: =IF(ISBLANK(F167),"",INDEX(호기!$A$1:$B$657,MATCH('생산계획(잉크)'!B619,호기!$A$1:$A$657,0),2)) | H167: =C167+F167-INDEX(표5[#All],MATCH(B167,표5[[#All],[잉크]],0),2) -> 0 | I167: =IFERROR(H167/INDEX(표5[#All],MATCH(B167,표5[[#All],[잉크]],0),5),"") | K167: =IF(ISBLANK(J167),"",INDEX(호기!$A$1:$B$657,MATCH('생산계획(잉크)'!B619,호기!$A$1:$A$657,0),2)) | L167: =H167+J167-INDEX(표5[#All],MATCH(B167,표5[[#All],[잉크]],0),5) -> 0 | M167: =IFERROR(L167/INDEX(표5[#All],MATCH(B167,표5[[#All],[잉크]],0),8),"") | O167: =IF(ISBLANK(N167),"",INDEX(호기!$A$1:$B$657,MATCH('생산계획(잉크)'!B619,호기!$A$1:$A$657,0),2)) | P167: =L167+N167-INDEX(표5[#All],MATCH(B167,표5[[#All],[잉크]],0),5) -> 0 | Q167: =IFERROR(P167/INDEX(표5[#All],MATCH(B167,표5[[#All],[잉크]],0),11),"") | S167: =IF(ISBLANK(R167),"",INDEX(호기!$A$1:$B$657,MATCH('생산계획(잉크)'!B619,호기!$A$1:$A$657,0),2)) | T167: =P167+R167-INDEX(표5[#All],MATCH(B167,표5[[#All],[잉크]],0),5) -> 0 | U167: =IFERROR(T167/INDEX(표5[#All],MATCH(B167,표5[[#All],[잉크]],0),14),"") | W167: =IF(ISBLANK(V167),"",INDEX(호기!$A$1:$B$657,MATCH('생산계획(잉크)'!B619,호기!$A$1:$A$657,0),2)) | X167: =T167+V167-INDEX(표5[#All],MATCH(B167,표5[[#All],[잉크]],0),5) -> 0 | Y167: =IFERROR(X167/INDEX(표5[#All],MATCH(B167,표5[[#All],[잉크]],0),17),"") | AA167: =IF(ISBLANK(Z167),"",INDEX(호기!$A$1:$B$657,MATCH('생산계획(잉크)'!B619,호기!$A$1:$A$657,0),2)) | AB167: =X167+Z167-INDEX(표5[#All],MATCH(B167,표5[[#All],[잉크]],0),5) -> 0 | AC167: =IFERROR(AB167/INDEX(표5[#All],MATCH(B167,표5[[#All],[잉크]],0),20),"")
B168: LVIENNA | C168: 5 | D168: =IFERROR(C168/INDEX(표5[#All],MATCH(B168,표5[[#All],[잉크]],0),2),"") -> 5 | E168: =$C168-INDEX(표5[#All],MATCH(B168,표5[[#All],[잉크]],0),24) -> 3 | G168: =IF(ISBLANK(F168),"",INDEX(호기!$A$1:$B$657,MATCH('생산계획(잉크)'!B620,호기!$A$1:$A$657,0),2)) | H168: =C168+F168-INDEX(표5[#All],MATCH(B168,표5[[#All],[잉크]],0),2) -> 4 | I168: =IFERROR(H168/INDEX(표5[#All],MATCH(B168,표5[[#All],[잉크]],0),5),"") | K168: =IF(ISBLANK(J168),"",INDEX(호기!$A$1:$B$657,MATCH('생산계획(잉크)'!B620,호기!$A$1:$A$657,0),2)) | L168: =H168+J168-INDEX(표5[#All],MATCH(B168,표5[[#All],[잉크]],0),5) -> 4 | M168: =IFERROR(L168/INDEX(표5[#All],MATCH(B168,표5[[#All],[잉크]],0),8),"") | O168: =IF(ISBLANK(N168),"",INDEX(호기!$A$1:$B$657,MATCH('생산계획(잉크)'!B620,호기!$A$1:$A$657,0),2)) | P168: =L168+N168-INDEX(표5[#All],MATCH(B168,표5[[#All],[잉크]],0),5) -> 4 | Q168: =IFERROR(P168/INDEX(표5[#All],MATCH(B168,표5[[#All],[잉크]],0),11),"") | S168: =IF(ISBLANK(R168),"",INDEX(호기!$A$1:$B$657,MATCH('생산계획(잉크)'!B620,호기!$A$1:$A$657,0),2)) | T168: =P168+R168-INDEX(표5[#All],MATCH(B168,표5[[#All],[잉크]],0),5) -> 4 | U168: =IFERROR(T168/INDEX(표5[#All],MATCH(B168,표5[[#All],[잉크]],0),14),"") | W168: =IF(ISBLANK(V168),"",INDEX(호기!$A$1:$B$657,MATCH('생산계획(잉크)'!B620,호기!$A$1:$A$657,0),2)) | X168: =T168+V168-INDEX(표5[#All],MATCH(B168,표5[[#All],[잉크]],0),5) -> 4 | Y168: =IFERROR(X168/INDEX(표5[#All],MATCH(B168,표5[[#All],[잉크]],0),17),"") | AA168: =IF(ISBLANK(Z168),"",INDEX(호기!$A$1:$B$657,MATCH('생산계획(잉크)'!B620,호기!$A$1:$A$657,0),2)) | AB168: =X168+Z168-INDEX(표5[#All],MATCH(B168,표5[[#All],[잉크]],0),5) -> 4 | AC168: =IFERROR(AB168/INDEX(표5[#All],MATCH(B168,표5[[#All],[잉크]],0),20),"")
B169: WINE | D169: =IFERROR(C169/INDEX(표5[#All],MATCH(B169,표5[[#All],[잉크]],0),2),"") | E169: =$C169-INDEX(표5[#All],MATCH(B169,표5[[#All],[잉크]],0),24) -> 0 | G169: =IF(ISBLANK(F169),"",INDEX(호기!$A$1:$B$657,MATCH('생산계획(잉크)'!B621,호기!$A$1:$A$657,0),2)) | H169: =C169+F169-INDEX(표5[#All],MATCH(B169,표5[[#All],[잉크]],0),2) -> 0 | I169: =IFERROR(H169/INDEX(표5[#All],MATCH(B169,표5[[#All],[잉크]],0),5),"") | K169: =IF(ISBLANK(J169),"",INDEX(호기!$A$1:$B$657,MATCH('생산계획(잉크)'!B621,호기!$A$1:$A$657,0),2)) | L169: =H169+J169-INDEX(표5[#All],MATCH(B169,표5[[#All],[잉크]],0),5) -> 0 | M169: =IFERROR(L169/INDEX(표5[#All],MATCH(B169,표5[[#All],[잉크]],0),8),"") | O169: =IF(ISBLANK(N169),"",INDEX(호기!$A$1:$B$657,MATCH('생산계획(잉크)'!B621,호기!$A$1:$A$657,0),2)) | P169: =L169+N169-INDEX(표5[#All],MATCH(B169,표5[[#All],[잉크]],0),5) -> 0 | Q169: =IFERROR(P169/INDEX(표5[#All],MATCH(B169,표5[[#All],[잉크]],0),11),"") | S169: =IF(ISBLANK(R169),"",INDEX(호기!$A$1:$B$657,MATCH('생산계획(잉크)'!B621,호기!$A$1:$A$657,0),2)) | T169: =P169+R169-INDEX(표5[#All],MATCH(B169,표5[[#All],[잉크]],0),5) -> 0 | U169: =IFERROR(T169/INDEX(표5[#All],MATCH(B169,표5[[#All],[잉크]],0),14),"") | W169: =IF(ISBLANK(V169),"",INDEX(호기!$A$1:$B$657,MATCH('생산계획(잉크)'!B621,호기!$A$1:$A$657,0),2)) | X169: =T169+V169-INDEX(표5[#All],MATCH(B169,표5[[#All],[잉크]],0),5) -> 0 | Y169: =IFERROR(X169/INDEX(표5[#All],MATCH(B169,표5[[#All],[잉크]],0),17),"") | AA169: =IF(ISBLANK(Z169),"",INDEX(호기!$A$1:$B$657,MATCH('생산계획(잉크)'!B621,호기!$A$1:$A$657,0),2)) | AB169: =X169+Z169-INDEX(표5[#All],MATCH(B169,표5[[#All],[잉크]],0),5) -> 0 | AC169: =IFERROR(AB169/INDEX(표5[#All],MATCH(B169,표5[[#All],[잉크]],0),20),"")
B170: BEAN | D170: =IFERROR(C170/INDEX(표5[#All],MATCH(B170,표5[[#All],[잉크]],0),2),"") | E170: =$C170-INDEX(표5[#All],MATCH(B170,표5[[#All],[잉크]],0),24) -> 0 | G170: =IF(ISBLANK(F170),"",INDEX(호기!$A$1:$B$657,MATCH('생산계획(잉크)'!B622,호기!$A$1:$A$657,0),2)) | H170: =C170+F170-INDEX(표5[#All],MATCH(B170,표5[[#All],[잉크]],0),2) -> 0 | I170: =IFERROR(H170/INDEX(표5[#All],MATCH(B170,표5[[#All],[잉크]],0),5),"") | K170: =IF(ISBLANK(J170),"",INDEX(호기!$A$1:$B$657,MATCH('생산계획(잉크)'!B622,호기!$A$1:$A$657,0),2)) | L170: =H170+J170-INDEX(표5[#All],MATCH(B170,표5[[#All],[잉크]],0),5) -> 0 | M170: =IFERROR(L170/INDEX(표5[#All],MATCH(B170,표5[[#All],[잉크]],0),8),"") | O170: =IF(ISBLANK(N170),"",INDEX(호기!$A$1:$B$657,MATCH('생산계획(잉크)'!B622,호기!$A$1:$A$657,0),2)) | P170: =L170+N170-INDEX(표5[#All],MATCH(B170,표5[[#All],[잉크]],0),5) -> 0 | Q170: =IFERROR(P170/INDEX(표5[#All],MATCH(B170,표5[[#All],[잉크]],0),11),"") | S170: =IF(ISBLANK(R170),"",INDEX(호기!$A$1:$B$657,MATCH('생산계획(잉크)'!B622,호기!$A$1:$A$657,0),2)) | T170: =P170+R170-INDEX(표5[#All],MATCH(B170,표5[[#All],[잉크]],0),5) -> 0 | U170: =IFERROR(T170/INDEX(표5[#All],MATCH(B170,표5[[#All],[잉크]],0),14),"") | W170: =IF(ISBLANK(V170),"",INDEX(호기!$A$1:$B$657,MATCH('생산계획(잉크)'!B622,호기!$A$1:$A$657,0),2)) | X170: =T170+V170-INDEX(표5[#All],MATCH(B170,표5[[#All],[잉크]],0),5) -> 0 | Y170: =IFERROR(X170/INDEX(표5[#All],MATCH(B170,표5[[#All],[잉크]],0),17),"") | AA170: =IF(ISBLANK(Z170),"",INDEX(호기!$A$1:$B$657,MATCH('생산계획(잉크)'!B622,호기!$A$1:$A$657,0),2)) | AB170: =X170+Z170-INDEX(표5[#All],MATCH(B170,표5[[#All],[잉크]],0),5) -> 0 | AC170: =IFERROR(AB170/INDEX(표5[#All],MATCH(B170,표5[[#All],[잉크]],0),20),"")
B171: MUD | D171: =IFERROR(C171/INDEX(표5[#All],MATCH(B171,표5[[#All],[잉크]],0),2),"") | E171: =$C171-INDEX(표5[#All],MATCH(B171,표5[[#All],[잉크]],0),24) -> 0 | G171: =IF(ISBLANK(F171),"",INDEX(호기!$A$1:$B$657,MATCH('생산계획(잉크)'!B623,호기!$A$1:$A$657,0),2)) | H171: =C171+F171-INDEX(표5[#All],MATCH(B171,표5[[#All],[잉크]],0),2) -> 0 | I171: =IFERROR(H171/INDEX(표5[#All],MATCH(B171,표5[[#All],[잉크]],0),5),"") | K171: =IF(ISBLANK(J171),"",INDEX(호기!$A$1:$B$657,MATCH('생산계획(잉크)'!B623,호기!$A$1:$A$657,0),2)) | L171: =H171+J171-INDEX(표5[#All],MATCH(B171,표5[[#All],[잉크]],0),5) -> 0 | M171: =IFERROR(L171/INDEX(표5[#All],MATCH(B171,표5[[#All],[잉크]],0),8),"") | O171: =IF(ISBLANK(N171),"",INDEX(호기!$A$1:$B$657,MATCH('생산계획(잉크)'!B623,호기!$A$1:$A$657,0),2)) | P171: =L171+N171-INDEX(표5[#All],MATCH(B171,표5[[#All],[잉크]],0),5) -> 0 | Q171: =IFERROR(P171/INDEX(표5[#All],MATCH(B171,표5[[#All],[잉크]],0),11),"") | S171: =IF(ISBLANK(R171),"",INDEX(호기!$A$1:$B$657,MATCH('생산계획(잉크)'!B623,호기!$A$1:$A$657,0),2)) | T171: =P171+R171-INDEX(표5[#All],MATCH(B171,표5[[#All],[잉크]],0),5) -> 0 | U171: =IFERROR(T171/INDEX(표5[#All],MATCH(B171,표5[[#All],[잉크]],0),14),"") | W171: =IF(ISBLANK(V171),"",INDEX(호기!$A$1:$B$657,MATCH('생산계획(잉크)'!B623,호기!$A$1:$A$657,0),2)) | X171: =T171+V171-INDEX(표5[#All],MATCH(B171,표5[[#All],[잉크]],0),5) -> 0 | Y171: =IFERROR(X171/INDEX(표5[#All],MATCH(B171,표5[[#All],[잉크]],0),17),"") | AA171: =IF(ISBLANK(Z171),"",INDEX(호기!$A$1:$B$657,MATCH('생산계획(잉크)'!B623,호기!$A$1:$A$657,0),2)) | AB171: =X171+Z171-INDEX(표5[#All],MATCH(B171,표5[[#All],[잉크]],0),5) -> 0 | AC171: =IFERROR(AB171/INDEX(표5[#All],MATCH(B171,표5[[#All],[잉크]],0),20),"")
B172: CLEAR | C172: 2 | D172: =IFERROR(C172/INDEX(표5[#All],MATCH(B172,표5[[#All],[잉크]],0),2),"") -> 1 | E172: =$C172-INDEX(표5[#All],MATCH(B172,표5[[#All],[잉크]],0),24) -> -4 | G172: =IF(ISBLANK(F172),"",INDEX(호기!$A$1:$B$657,MATCH('생산계획(잉크)'!B624,호기!$A$1:$A$657,0),2)) | H172: =C172+F172-INDEX(표5[#All],MATCH(B172,표5[[#All],[잉크]],0),2) -> 0 | I172: =IFERROR(H172/INDEX(표5[#All],MATCH(B172,표5[[#All],[잉크]],0),5),"") -> 0 | K172: =IF(ISBLANK(J172),"",INDEX(호기!$A$1:$B$657,MATCH('생산계획(잉크)'!B624,호기!$A$1:$A$657,0),2)) | L172: =H172+J172-INDEX(표5[#All],MATCH(B172,표5[[#All],[잉크]],0),5) -> -1 | M172: =IFERROR(L172/INDEX(표5[#All],MATCH(B172,표5[[#All],[잉크]],0),8),"") | O172: =IF(ISBLANK(N172),"",INDEX(호기!$A$1:$B$657,MATCH('생산계획(잉크)'!B624,호기!$A$1:$A$657,0),2)) | P172: =L172+N172-INDEX(표5[#All],MATCH(B172,표5[[#All],[잉크]],0),5) -> -2 | Q172: =IFERROR(P172/INDEX(표5[#All],MATCH(B172,표5[[#All],[잉크]],0),11),"") | S172: =IF(ISBLANK(R172),"",INDEX(호기!$A$1:$B$657,MATCH('생산계획(잉크)'!B624,호기!$A$1:$A$657,0),2)) | T172: =P172+R172-INDEX(표5[#All],MATCH(B172,표5[[#All],[잉크]],0),5) -> -3 | U172: =IFERROR(T172/INDEX(표5[#All],MATCH(B172,표5[[#All],[잉크]],0),14),"") | W172: =IF(ISBLANK(V172),"",INDEX(호기!$A$1:$B$657,MATCH('생산계획(잉크)'!B624,호기!$A$1:$A$657,0),2)) | X172: =T172+V172-INDEX(표5[#All],MATCH(B172,표5[[#All],[잉크]],0),5) -> -4 | Y172: =IFERROR(X172/INDEX(표5[#All],MATCH(B172,표5[[#All],[잉크]],0),17),"") | AA172: =IF(ISBLANK(Z172),"",INDEX(호기!$A$1:$B$657,MATCH('생산계획(잉크)'!B624,호기!$A$1:$A$657,0),2)) | AB172: =X172+Z172-INDEX(표5[#All],MATCH(B172,표5[[#All],[잉크]],0),5) -> -5 | AC172: =IFERROR(AB172/INDEX(표5[#All],MATCH(B172,표5[[#All],[잉크]],0),20),"")
B173: ORANGE | D173: =IFERROR(C173/INDEX(표5[#All],MATCH(B173,표5[[#All],[잉크]],0),2),"") | E173: =$C173-INDEX(표5[#All],MATCH(B173,표5[[#All],[잉크]],0),24) -> 0 | G173: =IF(ISBLANK(F173),"",INDEX(호기!$A$1:$B$657,MATCH('생산계획(잉크)'!B625,호기!$A$1:$A$657,0),2)) | H173: =C173+F173-INDEX(표5[#All],MATCH(B173,표5[[#All],[잉크]],0),2) -> 0 | I173: =IFERROR(H173/INDEX(표5[#All],MATCH(B173,표5[[#All],[잉크]],0),5),"") | K173: =IF(ISBLANK(J173),"",INDEX(호기!$A$1:$B$657,MATCH('생산계획(잉크)'!B625,호기!$A$1:$A$657,0),2)) | L173: =H173+J173-INDEX(표5[#All],MATCH(B173,표5[[#All],[잉크]],0),5) -> 0 | M173: =IFERROR(L173/INDEX(표5[#All],MATCH(B173,표5[[#All],[잉크]],0),8),"") | O173: =IF(ISBLANK(N173),"",INDEX(호기!$A$1:$B$657,MATCH('생산계획(잉크)'!B625,호기!$A$1:$A$657,0),2)) | P173: =L173+N173-INDEX(표5[#All],MATCH(B173,표5[[#All],[잉크]],0),5) -> 0 | Q173: =IFERROR(P173/INDEX(표5[#All],MATCH(B173,표5[[#All],[잉크]],0),11),"") | S173: =IF(ISBLANK(R173),"",INDEX(호기!$A$1:$B$657,MATCH('생산계획(잉크)'!B625,호기!$A$1:$A$657,0),2)) | T173: =P173+R173-INDEX(표5[#All],MATCH(B173,표5[[#All],[잉크]],0),5) -> 0 | U173: =IFERROR(T173/INDEX(표5[#All],MATCH(B173,표5[[#All],[잉크]],0),14),"") | W173: =IF(ISBLANK(V173),"",INDEX(호기!$A$1:$B$657,MATCH('생산계획(잉크)'!B625,호기!$A$1:$A$657,0),2)) | X173: =T173+V173-INDEX(표5[#All],MATCH(B173,표5[[#All],[잉크]],0),5) -> 0 | Y173: =IFERROR(X173/INDEX(표5[#All],MATCH(B173,표5[[#All],[잉크]],0),17),"") | AA173: =IF(ISBLANK(Z173),"",INDEX(호기!$A$1:$B$657,MATCH('생산계획(잉크)'!B625,호기!$A$1:$A$657,0),2)) | AB173: =X173+Z173-INDEX(표5[#All],MATCH(B173,표5[[#All],[잉크]],0),5) -> 0 | AC173: =IFERROR(AB173/INDEX(표5[#All],MATCH(B173,표5[[#All],[잉크]],0),20),"")
B174: SILVER | D174: =IFERROR(C174/INDEX(표5[#All],MATCH(B174,표5[[#All],[잉크]],0),2),"") | E174: =$C174-INDEX(표5[#All],MATCH(B174,표5[[#All],[잉크]],0),24) -> 0 | G174: =IF(ISBLANK(F174),"",INDEX(호기!$A$1:$B$657,MATCH('생산계획(잉크)'!B626,호기!$A$1:$A$657,0),2)) | H174: =C174+F174-INDEX(표5[#All],MATCH(B174,표5[[#All],[잉크]],0),2) -> 0 | I174: =IFERROR(H174/INDEX(표5[#All],MATCH(B174,표5[[#All],[잉크]],0),5),"") | K174: =IF(ISBLANK(J174),"",INDEX(호기!$A$1:$B$657,MATCH('생산계획(잉크)'!B626,호기!$A$1:$A$657,0),2)) | L174: =H174+J174-INDEX(표5[#All],MATCH(B174,표5[[#All],[잉크]],0),5) -> 0 | M174: =IFERROR(L174/INDEX(표5[#All],MATCH(B174,표5[[#All],[잉크]],0),8),"") | O174: =IF(ISBLANK(N174),"",INDEX(호기!$A$1:$B$657,MATCH('생산계획(잉크)'!B626,호기!$A$1:$A$657,0),2)) | P174: =L174+N174-INDEX(표5[#All],MATCH(B174,표5[[#All],[잉크]],0),5) -> 0 | Q174: =IFERROR(P174/INDEX(표5[#All],MATCH(B174,표5[[#All],[잉크]],0),11),"") | S174: =IF(ISBLANK(R174),"",INDEX(호기!$A$1:$B$657,MATCH('생산계획(잉크)'!B626,호기!$A$1:$A$657,0),2)) | T174: =P174+R174-INDEX(표5[#All],MATCH(B174,표5[[#All],[잉크]],0),5) -> 0 | U174: =IFERROR(T174/INDEX(표5[#All],MATCH(B174,표5[[#All],[잉크]],0),14),"") | W174: =IF(ISBLANK(V174),"",INDEX(호기!$A$1:$B$657,MATCH('생산계획(잉크)'!B626,호기!$A$1:$A$657,0),2)) | X174: =T174+V174-INDEX(표5[#All],MATCH(B174,표5[[#All],[잉크]],0),5) -> 0 | Y174: =IFERROR(X174/INDEX(표5[#All],MATCH(B174,표5[[#All],[잉크]],0),17),"") | AA174: =IF(ISBLANK(Z174),"",INDEX(호기!$A$1:$B$657,MATCH('생산계획(잉크)'!B626,호기!$A$1:$A$657,0),2)) | AB174: =X174+Z174-INDEX(표5[#All],MATCH(B174,표5[[#All],[잉크]],0),5) -> 0 | AC174: =IFERROR(AB174/INDEX(표5[#All],MATCH(B174,표5[[#All],[잉크]],0),20),"")
B175: FAWN | D175: =IFERROR(C175/INDEX(표5[#All],MATCH(B175,표5[[#All],[잉크]],0),2),"") | E175: =$C175-INDEX(표5[#All],MATCH(B175,표5[[#All],[잉크]],0),24) -> 0 | G175: =IF(ISBLANK(F175),"",INDEX(호기!$A$1:$B$657,MATCH('생산계획(잉크)'!B627,호기!$A$1:$A$657,0),2)) | H175: =C175+F175-INDEX(표5[#All],MATCH(B175,표5[[#All],[잉크]],0),2) -> 0 | I175: =IFERROR(H175/INDEX(표5[#All],MATCH(B175,표5[[#All],[잉크]],0),5),"") | K175: =IF(ISBLANK(J175),"",INDEX(호기!$A$1:$B$657,MATCH('생산계획(잉크)'!B627,호기!$A$1:$A$657,0),2)) | L175: =H175+J175-INDEX(표5[#All],MATCH(B175,표5[[#All],[잉크]],0),5) -> 0 | M175: =IFERROR(L175/INDEX(표5[#All],MATCH(B175,표5[[#All],[잉크]],0),8),"") | O175: =IF(ISBLANK(N175),"",INDEX(호기!$A$1:$B$657,MATCH('생산계획(잉크)'!B627,호기!$A$1:$A$657,0),2)) | P175: =L175+N175-INDEX(표5[#All],MATCH(B175,표5[[#All],[잉크]],0),5) -> 0 | Q175: =IFERROR(P175/INDEX(표5[#All],MATCH(B175,표5[[#All],[잉크]],0),11),"") | S175: =IF(ISBLANK(R175),"",INDEX(호기!$A$1:$B$657,MATCH('생산계획(잉크)'!B627,호기!$A$1:$A$657,0),2)) | T175: =P175+R175-INDEX(표5[#All],MATCH(B175,표5[[#All],[잉크]],0),5) -> 0 | U175: =IFERROR(T175/INDEX(표5[#All],MATCH(B175,표5[[#All],[잉크]],0),14),"") | W175: =IF(ISBLANK(V175),"",INDEX(호기!$A$1:$B$657,MATCH('생산계획(잉크)'!B627,호기!$A$1:$A$657,0),2)) | X175: =T175+V175-INDEX(표5[#All],MATCH(B175,표5[[#All],[잉크]],0),5) -> 0 | Y175: =IFERROR(X175/INDEX(표5[#All],MATCH(B175,표5[[#All],[잉크]],0),17),"") | AA175: =IF(ISBLANK(Z175),"",INDEX(호기!$A$1:$B$657,MATCH('생산계획(잉크)'!B627,호기!$A$1:$A$657,0),2)) | AB175: =X175+Z175-INDEX(표5[#All],MATCH(B175,표5[[#All],[잉크]],0),5) -> 0 | AC175: =IFERROR(AB175/INDEX(표5[#All],MATCH(B175,표5[[#All],[잉크]],0),20),"")
B176: LATTE | D176: =IFERROR(C176/INDEX(표5[#All],MATCH(B176,표5[[#All],[잉크]],0),2),"") | E176: =$C176-INDEX(표5[#All],MATCH(B176,표5[[#All],[잉크]],0),24) -> 0 | G176: =IF(ISBLANK(F176),"",INDEX(호기!$A$1:$B$657,MATCH('생산계획(잉크)'!B628,호기!$A$1:$A$657,0),2)) | H176: =C176+F176-INDEX(표5[#All],MATCH(B176,표5[[#All],[잉크]],0),2) -> 0 | I176: =IFERROR(H176/INDEX(표5[#All],MATCH(B176,표5[[#All],[잉크]],0),5),"") | K176: =IF(ISBLANK(J176),"",INDEX(호기!$A$1:$B$657,MATCH('생산계획(잉크)'!B628,호기!$A$1:$A$657,0),2)) | L176: =H176+J176-INDEX(표5[#All],MATCH(B176,표5[[#All],[잉크]],0),5) -> 0 | M176: =IFERROR(L176/INDEX(표5[#All],MATCH(B176,표5[[#All],[잉크]],0),8),"") | O176: =IF(ISBLANK(N176),"",INDEX(호기!$A$1:$B$657,MATCH('생산계획(잉크)'!B628,호기!$A$1:$A$657,0),2)) | P176: =L176+N176-INDEX(표5[#All],MATCH(B176,표5[[#All],[잉크]],0),5) -> 0 | Q176: =IFERROR(P176/INDEX(표5[#All],MATCH(B176,표5[[#All],[잉크]],0),11),"") | S176: =IF(ISBLANK(R176),"",INDEX(호기!$A$1:$B$657,MATCH('생산계획(잉크)'!B628,호기!$A$1:$A$657,0),2)) | T176: =P176+R176-INDEX(표5[#All],MATCH(B176,표5[[#All],[잉크]],0),5) -> 0 | U176: =IFERROR(T176/INDEX(표5[#All],MATCH(B176,표5[[#All],[잉크]],0),14),"") | W176: =IF(ISBLANK(V176),"",INDEX(호기!$A$1:$B$657,MATCH('생산계획(잉크)'!B628,호기!$A$1:$A$657,0),2)) | X176: =T176+V176-INDEX(표5[#All],MATCH(B176,표5[[#All],[잉크]],0),5) -> 0 | Y176: =IFERROR(X176/INDEX(표5[#All],MATCH(B176,표5[[#All],[잉크]],0),17),"") | AA176: =IF(ISBLANK(Z176),"",INDEX(호기!$A$1:$B$657,MATCH('생산계획(잉크)'!B628,호기!$A$1:$A$657,0),2)) | AB176: =X176+Z176-INDEX(표5[#All],MATCH(B176,표5[[#All],[잉크]],0),5) -> 0 | AC176: =IFERROR(AB176/INDEX(표5[#All],MATCH(B176,표5[[#All],[잉크]],0),20),"")
B177: OLIVE | D177: =IFERROR(C177/INDEX(표5[#All],MATCH(B177,표5[[#All],[잉크]],0),2),"") | E177: =$C177-INDEX(표5[#All],MATCH(B177,표5[[#All],[잉크]],0),24) -> 0 | G177: =IF(ISBLANK(F177),"",INDEX(호기!$A$1:$B$657,MATCH('생산계획(잉크)'!B629,호기!$A$1:$A$657,0),2)) | H177: =C177+F177-INDEX(표5[#All],MATCH(B177,표5[[#All],[잉크]],0),2) -> 0 | I177: =IFERROR(H177/INDEX(표5[#All],MATCH(B177,표5[[#All],[잉크]],0),5),"") | K177: =IF(ISBLANK(J177),"",INDEX(호기!$A$1:$B$657,MATCH('생산계획(잉크)'!B629,호기!$A$1:$A$657,0),2)) | L177: =H177+J177-INDEX(표5[#All],MATCH(B177,표5[[#All],[잉크]],0),5) -> 0 | M177: =IFERROR(L177/INDEX(표5[#All],MATCH(B177,표5[[#All],[잉크]],0),8),"") | O177: =IF(ISBLANK(N177),"",INDEX(호기!$A$1:$B$657,MATCH('생산계획(잉크)'!B629,호기!$A$1:$A$657,0),2)) | P177: =L177+N177-INDEX(표5[#All],MATCH(B177,표5[[#All],[잉크]],0),5) -> 0 | Q177: =IFERROR(P177/INDEX(표5[#All],MATCH(B177,표5[[#All],[잉크]],0),11),"") | S177: =IF(ISBLANK(R177),"",INDEX(호기!$A$1:$B$657,MATCH('생산계획(잉크)'!B629,호기!$A$1:$A$657,0),2)) | T177: =P177+R177-INDEX(표5[#All],MATCH(B177,표5[[#All],[잉크]],0),5) -> 0 | U177: =IFERROR(T177/INDEX(표5[#All],MATCH(B177,표5[[#All],[잉크]],0),14),"") | W177: =IF(ISBLANK(V177),"",INDEX(호기!$A$1:$B$657,MATCH('생산계획(잉크)'!B629,호기!$A$1:$A$657,0),2)) | X177: =T177+V177-INDEX(표5[#All],MATCH(B177,표5[[#All],[잉크]],0),5) -> 0 | Y177: =IFERROR(X177/INDEX(표5[#All],MATCH(B177,표5[[#All],[잉크]],0),17),"") | AA177: =IF(ISBLANK(Z177),"",INDEX(호기!$A$1:$B$657,MATCH('생산계획(잉크)'!B629,호기!$A$1:$A$657,0),2)) | AB177: =X177+Z177-INDEX(표5[#All],MATCH(B177,표5[[#All],[잉크]],0),5) -> 0 | AC177: =IFERROR(AB177/INDEX(표5[#All],MATCH(B177,표5[[#All],[잉크]],0),20),"")
B178: SALMON | D178: =IFERROR(C178/INDEX(표5[#All],MATCH(B178,표5[[#All],[잉크]],0),2),"") | E178: =$C178-INDEX(표5[#All],MATCH(B178,표5[[#All],[잉크]],0),24) -> 0 | G178: =IF(ISBLANK(F178),"",INDEX(호기!$A$1:$B$657,MATCH('생산계획(잉크)'!B630,호기!$A$1:$A$657,0),2)) | H178: =C178+F178-INDEX(표5[#All],MATCH(B178,표5[[#All],[잉크]],0),2) -> 0 | I178: =IFERROR(H178/INDEX(표5[#All],MATCH(B178,표5[[#All],[잉크]],0),5),"") | K178: =IF(ISBLANK(J178),"",INDEX(호기!$A$1:$B$657,MATCH('생산계획(잉크)'!B630,호기!$A$1:$A$657,0),2)) | L178: =H178+J178-INDEX(표5[#All],MATCH(B178,표5[[#All],[잉크]],0),5) -> 0 | M178: =IFERROR(L178/INDEX(표5[#All],MATCH(B178,표5[[#All],[잉크]],0),8),"") | O178: =IF(ISBLANK(N178),"",INDEX(호기!$A$1:$B$657,MATCH('생산계획(잉크)'!B630,호기!$A$1:$A$657,0),2)) | P178: =L178+N178-INDEX(표5[#All],MATCH(B178,표5[[#All],[잉크]],0),5) -> 0 | Q178: =IFERROR(P178/INDEX(표5[#All],MATCH(B178,표5[[#All],[잉크]],0),11),"") | S178: =IF(ISBLANK(R178),"",INDEX(호기!$A$1:$B$657,MATCH('생산계획(잉크)'!B630,호기!$A$1:$A$657,0),2)) | T178: =P178+R178-INDEX(표5[#All],MATCH(B178,표5[[#All],[잉크]],0),5) -> 0 | U178: =IFERROR(T178/INDEX(표5[#All],MATCH(B178,표5[[#All],[잉크]],0),14),"") | W178: =IF(ISBLANK(V178),"",INDEX(호기!$A$1:$B$657,MATCH('생산계획(잉크)'!B630,호기!$A$1:$A$657,0),2)) | X178: =T178+V178-INDEX(표5[#All],MATCH(B178,표5[[#All],[잉크]],0),5) -> 0 | Y178: =IFERROR(X178/INDEX(표5[#All],MATCH(B178,표5[[#All],[잉크]],0),17),"") | AA178: =IF(ISBLANK(Z178),"",INDEX(호기!$A$1:$B$657,MATCH('생산계획(잉크)'!B630,호기!$A$1:$A$657,0),2)) | AB178: =X178+Z178-INDEX(표5[#All],MATCH(B178,표5[[#All],[잉크]],0),5) -> 0 | AC178: =IFERROR(AB178/INDEX(표5[#All],MATCH(B178,표5[[#All],[잉크]],0),20),"")
B179: NAVY | D179: =IFERROR(C179/INDEX(표5[#All],MATCH(B179,표5[[#All],[잉크]],0),2),"") | E179: =$C179-INDEX(표5[#All],MATCH(B179,표5[[#All],[잉크]],0),24) -> 0 | G179: =IF(ISBLANK(F179),"",INDEX(호기!$A$1:$B$657,MATCH('생산계획(잉크)'!B631,호기!$A$1:$A$657,0),2)) | H179: =C179+F179-INDEX(표5[#All],MATCH(B179,표5[[#All],[잉크]],0),2) -> 0 | I179: =IFERROR(H179/INDEX(표5[#All],MATCH(B179,표5[[#All],[잉크]],0),5),"") | K179: =IF(ISBLANK(J179),"",INDEX(호기!$A$1:$B$657,MATCH('생산계획(잉크)'!B631,호기!$A$1:$A$657,0),2)) | L179: =H179+J179-INDEX(표5[#All],MATCH(B179,표5[[#All],[잉크]],0),5) -> 0 | M179: =IFERROR(L179/INDEX(표5[#All],MATCH(B179,표5[[#All],[잉크]],0),8),"") | O179: =IF(ISBLANK(N179),"",INDEX(호기!$A$1:$B$657,MATCH('생산계획(잉크)'!B631,호기!$A$1:$A$657,0),2)) | P179: =L179+N179-INDEX(표5[#All],MATCH(B179,표5[[#All],[잉크]],0),5) -> 0 | Q179: =IFERROR(P179/INDEX(표5[#All],MATCH(B179,표5[[#All],[잉크]],0),11),"") | S179: =IF(ISBLANK(R179),"",INDEX(호기!$A$1:$B$657,MATCH('생산계획(잉크)'!B631,호기!$A$1:$A$657,0),2)) | T179: =P179+R179-INDEX(표5[#All],MATCH(B179,표5[[#All],[잉크]],0),5) -> 0 | U179: =IFERROR(T179/INDEX(표5[#All],MATCH(B179,표5[[#All],[잉크]],0),14),"") | W179: =IF(ISBLANK(V179),"",INDEX(호기!$A$1:$B$657,MATCH('생산계획(잉크)'!B631,호기!$A$1:$A$657,0),2)) | X179: =T179+V179-INDEX(표5[#All],MATCH(B179,표5[[#All],[잉크]],0),5) -> 0 | Y179: =IFERROR(X179/INDEX(표5[#All],MATCH(B179,표5[[#All],[잉크]],0),17),"") | AA179: =IF(ISBLANK(Z179),"",INDEX(호기!$A$1:$B$657,MATCH('생산계획(잉크)'!B631,호기!$A$1:$A$657,0),2)) | AB179: =X179+Z179-INDEX(표5[#All],MATCH(B179,표5[[#All],[잉크]],0),5) -> 0 | AC179: =IFERROR(AB179/INDEX(표5[#All],MATCH(B179,표5[[#All],[잉크]],0),20),"")
B180: ACORN | D180: =IFERROR(C180/INDEX(표5[#All],MATCH(B180,표5[[#All],[잉크]],0),2),"") | E180: =$C180-INDEX(표5[#All],MATCH(B180,표5[[#All],[잉크]],0),24) -> 0 | G180: =IF(ISBLANK(F180),"",INDEX(호기!$A$1:$B$657,MATCH('생산계획(잉크)'!B632,호기!$A$1:$A$657,0),2)) | H180: =C180+F180-INDEX(표5[#All],MATCH(B180,표5[[#All],[잉크]],0),2) -> 0 | I180: =IFERROR(H180/INDEX(표5[#All],MATCH(B180,표5[[#All],[잉크]],0),5),"") | K180: =IF(ISBLANK(J180),"",INDEX(호기!$A$1:$B$657,MATCH('생산계획(잉크)'!B632,호기!$A$1:$A$657,0),2)) | L180: =H180+J180-INDEX(표5[#All],MATCH(B180,표5[[#All],[잉크]],0),5) -> 0 | M180: =IFERROR(L180/INDEX(표5[#All],MATCH(B180,표5[[#All],[잉크]],0),8),"") | O180: =IF(ISBLANK(N180),"",INDEX(호기!$A$1:$B$657,MATCH('생산계획(잉크)'!B632,호기!$A$1:$A$657,0),2)) | P180: =L180+N180-INDEX(표5[#All],MATCH(B180,표5[[#All],[잉크]],0),5) -> 0 | Q180: =IFERROR(P180/INDEX(표5[#All],MATCH(B180,표5[[#All],[잉크]],0),11),"") | S180: =IF(ISBLANK(R180),"",INDEX(호기!$A$1:$B$657,MATCH('생산계획(잉크)'!B632,호기!$A$1:$A$657,0),2)) | T180: =P180+R180-INDEX(표5[#All],MATCH(B180,표5[[#All],[잉크]],0),5) -> 0 | U180: =IFERROR(T180/INDEX(표5[#All],MATCH(B180,표5[[#All],[잉크]],0),14),"") | W180: =IF(ISBLANK(V180),"",INDEX(호기!$A$1:$B$657,MATCH('생산계획(잉크)'!B632,호기!$A$1:$A$657,0),2)) | X180: =T180+V180-INDEX(표5[#All],MATCH(B180,표5[[#All],[잉크]],0),5) -> 0 | Y180: =IFERROR(X180/INDEX(표5[#All],MATCH(B180,표5[[#All],[잉크]],0),17),"") | AA180: =IF(ISBLANK(Z180),"",INDEX(호기!$A$1:$B$657,MATCH('생산계획(잉크)'!B632,호기!$A$1:$A$657,0),2)) | AB180: =X180+Z180-INDEX(표5[#All],MATCH(B180,표5[[#All],[잉크]],0),5) -> 0 | AC180: =IFERROR(AB180/INDEX(표5[#All],MATCH(B180,표5[[#All],[잉크]],0),20),"")
B181: JET | D181: =IFERROR(C181/INDEX(표5[#All],MATCH(B181,표5[[#All],[잉크]],0),2),"") | E181: =$C181-INDEX(표5[#All],MATCH(B181,표5[[#All],[잉크]],0),24) -> 0 | G181: =IF(ISBLANK(F181),"",INDEX(호기!$A$1:$B$657,MATCH('생산계획(잉크)'!B633,호기!$A$1:$A$657,0),2)) | H181: =C181+F181-INDEX(표5[#All],MATCH(B181,표5[[#All],[잉크]],0),2) -> 0 | I181: =IFERROR(H181/INDEX(표5[#All],MATCH(B181,표5[[#All],[잉크]],0),5),"") | K181: =IF(ISBLANK(J181),"",INDEX(호기!$A$1:$B$657,MATCH('생산계획(잉크)'!B633,호기!$A$1:$A$657,0),2)) | L181: =H181+J181-INDEX(표5[#All],MATCH(B181,표5[[#All],[잉크]],0),5) -> 0 | M181: =IFERROR(L181/INDEX(표5[#All],MATCH(B181,표5[[#All],[잉크]],0),8),"") | O181: =IF(ISBLANK(N181),"",INDEX(호기!$A$1:$B$657,MATCH('생산계획(잉크)'!B633,호기!$A$1:$A$657,0),2)) | P181: =L181+N181-INDEX(표5[#All],MATCH(B181,표5[[#All],[잉크]],0),5) -> 0 | Q181: =IFERROR(P181/INDEX(표5[#All],MATCH(B181,표5[[#All],[잉크]],0),11),"") | S181: =IF(ISBLANK(R181),"",INDEX(호기!$A$1:$B$657,MATCH('생산계획(잉크)'!B633,호기!$A$1:$A$657,0),2)) | T181: =P181+R181-INDEX(표5[#All],MATCH(B181,표5[[#All],[잉크]],0),5) -> 0 | U181: =IFERROR(T181/INDEX(표5[#All],MATCH(B181,표5[[#All],[잉크]],0),14),"") | W181: =IF(ISBLANK(V181),"",INDEX(호기!$A$1:$B$657,MATCH('생산계획(잉크)'!B633,호기!$A$1:$A$657,0),2)) | X181: =T181+V181-INDEX(표5[#All],MATCH(B181,표5[[#All],[잉크]],0),5) -> 0 | Y181: =IFERROR(X181/INDEX(표5[#All],MATCH(B181,표5[[#All],[잉크]],0),17),"") | AA181: =IF(ISBLANK(Z181),"",INDEX(호기!$A$1:$B$657,MATCH('생산계획(잉크)'!B633,호기!$A$1:$A$657,0),2)) | AB181: =X181+Z181-INDEX(표5[#All],MATCH(B181,표5[[#All],[잉크]],0),5) -> 0 | AC181: =IFERROR(AB181/INDEX(표5[#All],MATCH(B181,표5[[#All],[잉크]],0),20),"")
B182: BITTER | D182: =IFERROR(C182/INDEX(표5[#All],MATCH(B182,표5[[#All],[잉크]],0),2),"") | E182: =$C182-INDEX(표5[#All],MATCH(B182,표5[[#All],[잉크]],0),24) -> 0 | G182: =IF(ISBLANK(F182),"",INDEX(호기!$A$1:$B$657,MATCH('생산계획(잉크)'!B634,호기!$A$1:$A$657,0),2)) | H182: =C182+F182-INDEX(표5[#All],MATCH(B182,표5[[#All],[잉크]],0),2) -> 0 | I182: =IFERROR(H182/INDEX(표5[#All],MATCH(B182,표5[[#All],[잉크]],0),5),"") | K182: =IF(ISBLANK(J182),"",INDEX(호기!$A$1:$B$657,MATCH('생산계획(잉크)'!B634,호기!$A$1:$A$657,0),2)) | L182: =H182+J182-INDEX(표5[#All],MATCH(B182,표5[[#All],[잉크]],0),5) -> 0 | M182: =IFERROR(L182/INDEX(표5[#All],MATCH(B182,표5[[#All],[잉크]],0),8),"") | O182: =IF(ISBLANK(N182),"",INDEX(호기!$A$1:$B$657,MATCH('생산계획(잉크)'!B634,호기!$A$1:$A$657,0),2)) | P182: =L182+N182-INDEX(표5[#All],MATCH(B182,표5[[#All],[잉크]],0),5) -> 0 | Q182: =IFERROR(P182/INDEX(표5[#All],MATCH(B182,표5[[#All],[잉크]],0),11),"") | S182: =IF(ISBLANK(R182),"",INDEX(호기!$A$1:$B$657,MATCH('생산계획(잉크)'!B634,호기!$A$1:$A$657,0),2)) | T182: =P182+R182-INDEX(표5[#All],MATCH(B182,표5[[#All],[잉크]],0),5) -> 0 | U182: =IFERROR(T182/INDEX(표5[#All],MATCH(B182,표5[[#All],[잉크]],0),14),"") | W182: =IF(ISBLANK(V182),"",INDEX(호기!$A$1:$B$657,MATCH('생산계획(잉크)'!B634,호기!$A$1:$A$657,0),2)) | X182: =T182+V182-INDEX(표5[#All],MATCH(B182,표5[[#All],[잉크]],0),5) -> 0 | Y182: =IFERROR(X182/INDEX(표5[#All],MATCH(B182,표5[[#All],[잉크]],0),17),"") | AA182: =IF(ISBLANK(Z182),"",INDEX(호기!$A$1:$B$657,MATCH('생산계획(잉크)'!B634,호기!$A$1:$A$657,0),2)) | AB182: =X182+Z182-INDEX(표5[#All],MATCH(B182,표5[[#All],[잉크]],0),5) -> 0 | AC182: =IFERROR(AB182/INDEX(표5[#All],MATCH(B182,표5[[#All],[잉크]],0),20),"")
B183: SEAL | D183: =IFERROR(C183/INDEX(표5[#All],MATCH(B183,표5[[#All],[잉크]],0),2),"") | E183: =$C183-INDEX(표5[#All],MATCH(B183,표5[[#All],[잉크]],0),24) -> 0 | G183: =IF(ISBLANK(F183),"",INDEX(호기!$A$1:$B$657,MATCH('생산계획(잉크)'!B635,호기!$A$1:$A$657,0),2)) | H183: =C183+F183-INDEX(표5[#All],MATCH(B183,표5[[#All],[잉크]],0),2) -> 0 | I183: =IFERROR(H183/INDEX(표5[#All],MATCH(B183,표5[[#All],[잉크]],0),5),"") | K183: =IF(ISBLANK(J183),"",INDEX(호기!$A$1:$B$657,MATCH('생산계획(잉크)'!B635,호기!$A$1:$A$657,0),2)) | L183: =H183+J183-INDEX(표5[#All],MATCH(B183,표5[[#All],[잉크]],0),5) -> 0 | M183: =IFERROR(L183/INDEX(표5[#All],MATCH(B183,표5[[#All],[잉크]],0),8),"") | O183: =IF(ISBLANK(N183),"",INDEX(호기!$A$1:$B$657,MATCH('생산계획(잉크)'!B635,호기!$A$1:$A$657,0),2)) | P183: =L183+N183-INDEX(표5[#All],MATCH(B183,표5[[#All],[잉크]],0),5) -> 0 | Q183: =IFERROR(P183/INDEX(표5[#All],MATCH(B183,표5[[#All],[잉크]],0),11),"") | S183: =IF(ISBLANK(R183),"",INDEX(호기!$A$1:$B$657,MATCH('생산계획(잉크)'!B635,호기!$A$1:$A$657,0),2)) | T183: =P183+R183-INDEX(표5[#All],MATCH(B183,표5[[#All],[잉크]],0),5) -> 0 | U183: =IFERROR(T183/INDEX(표5[#All],MATCH(B183,표5[[#All],[잉크]],0),14),"") | W183: =IF(ISBLANK(V183),"",INDEX(호기!$A$1:$B$657,MATCH('생산계획(잉크)'!B635,호기!$A$1:$A$657,0),2)) | X183: =T183+V183-INDEX(표5[#All],MATCH(B183,표5[[#All],[잉크]],0),5) -> 0 | Y183: =IFERROR(X183/INDEX(표5[#All],MATCH(B183,표5[[#All],[잉크]],0),17),"") | AA183: =IF(ISBLANK(Z183),"",INDEX(호기!$A$1:$B$657,MATCH('생산계획(잉크)'!B635,호기!$A$1:$A$657,0),2)) | AB183: =X183+Z183-INDEX(표5[#All],MATCH(B183,표5[[#All],[잉크]],0),5) -> 0 | AC183: =IFERROR(AB183/INDEX(표5[#All],MATCH(B183,표5[[#All],[잉크]],0),20),"")
B184: LILAC | D184: =IFERROR(C184/INDEX(표5[#All],MATCH(B184,표5[[#All],[잉크]],0),2),"") | E184: =$C184-INDEX(표5[#All],MATCH(B184,표5[[#All],[잉크]],0),24) -> 0 | G184: =IF(ISBLANK(F184),"",INDEX(호기!$A$1:$B$657,MATCH('생산계획(잉크)'!B636,호기!$A$1:$A$657,0),2)) | H184: =C184+F184-INDEX(표5[#All],MATCH(B184,표5[[#All],[잉크]],0),2) -> 0 | I184: =IFERROR(H184/INDEX(표5[#All],MATCH(B184,표5[[#All],[잉크]],0),5),"") | K184: =IF(ISBLANK(J184),"",INDEX(호기!$A$1:$B$657,MATCH('생산계획(잉크)'!B636,호기!$A$1:$A$657,0),2)) | L184: =H184+J184-INDEX(표5[#All],MATCH(B184,표5[[#All],[잉크]],0),5) -> 0 | M184: =IFERROR(L184/INDEX(표5[#All],MATCH(B184,표5[[#All],[잉크]],0),8),"") | O184: =IF(ISBLANK(N184),"",INDEX(호기!$A$1:$B$657,MATCH('생산계획(잉크)'!B636,호기!$A$1:$A$657,0),2)) | P184: =L184+N184-INDEX(표5[#All],MATCH(B184,표5[[#All],[잉크]],0),5) -> 0 | Q184: =IFERROR(P184/INDEX(표5[#All],MATCH(B184,표5[[#All],[잉크]],0),11),"") | S184: =IF(ISBLANK(R184),"",INDEX(호기!$A$1:$B$657,MATCH('생산계획(잉크)'!B636,호기!$A$1:$A$657,0),2)) | T184: =P184+R184-INDEX(표5[#All],MATCH(B184,표5[[#All],[잉크]],0),5) -> 0 | U184: =IFERROR(T184/INDEX(표5[#All],MATCH(B184,표5[[#All],[잉크]],0),14),"") | W184: =IF(ISBLANK(V184),"",INDEX(호기!$A$1:$B$657,MATCH('생산계획(잉크)'!B636,호기!$A$1:$A$657,0),2)) | X184: =T184+V184-INDEX(표5[#All],MATCH(B184,표5[[#All],[잉크]],0),5) -> 0 | Y184: =IFERROR(X184/INDEX(표5[#All],MATCH(B184,표5[[#All],[잉크]],0),17),"") | AA184: =IF(ISBLANK(Z184),"",INDEX(호기!$A$1:$B$657,MATCH('생산계획(잉크)'!B636,호기!$A$1:$A$657,0),2)) | AB184: =X184+Z184-INDEX(표5[#All],MATCH(B184,표5[[#All],[잉크]],0),5) -> 0 | AC184: =IFERROR(AB184/INDEX(표5[#All],MATCH(B184,표5[[#All],[잉크]],0),20),"")
... B201: HERB | D201: =IFERROR(C201/INDEX(표5[#All],MATCH(B201,표5[[#All],[잉크]],0),2),"") | E201: =$C201-INDEX(표5[#All],MATCH(B201,표5[[#All],[잉크]],0),24) -> 0 | G201: =IF(ISBLANK(F201),"",INDEX(호기!$A$1:$B$657,MATCH('생산계획(잉크)'!B653,호기!$A$1:$A$657,0),2)) | H201: =C201+F201-INDEX(표5[#All],MATCH(B201,표5[[#All],[잉크]],0),2) -> 0 | I201: =IFERROR(H201/INDEX(표5[#All],MATCH(B201,표5[[#All],[잉크]],0),5),"") | K201: =IF(ISBLANK(J201),"",INDEX(호기!$A$1:$B$657,MATCH('생산계획(잉크)'!B653,호기!$A$1:$A$657,0),2)) | L201: =H201+J201-INDEX(표5[#All],MATCH(B201,표5[[#All],[잉크]],0),5) -> 0 | M201: =IFERROR(L201/INDEX(표5[#All],MATCH(B201,표5[[#All],[잉크]],0),8),"") | O201: =IF(ISBLANK(N201),"",INDEX(호기!$A$1:$B$657,MATCH('생산계획(잉크)'!B653,호기!$A$1:$A$657,0),2)) | P201: =L201+N201-INDEX(표5[#All],MATCH(B201,표5[[#All],[잉크]],0),5) -> 0 | Q201: =IFERROR(P201/INDEX(표5[#All],MATCH(B201,표5[[#All],[잉크]],0),11),"") | S201: =IF(ISBLANK(R201),"",INDEX(호기!$A$1:$B$657,MATCH('생산계획(잉크)'!B653,호기!$A$1:$A$657,0),2)) | T201: =P201+R201-INDEX(표5[#All],MATCH(B201,표5[[#All],[잉크]],0),5) -> 0 | U201: =IFERROR(T201/INDEX(표5[#All],MATCH(B201,표5[[#All],[잉크]],0),14),"") | W201: =IF(ISBLANK(V201),"",INDEX(호기!$A$1:$B$657,MATCH('생산계획(잉크)'!B653,호기!$A$1:$A$657,0),2)) | X201: =T201+V201-INDEX(표5[#All],MATCH(B201,표5[[#All],[잉크]],0),5) -> 0 | Y201: =IFERROR(X201/INDEX(표5[#All],MATCH(B201,표5[[#All],[잉크]],0),17),"") | AA201: =IF(ISBLANK(Z201),"",INDEX(호기!$A$1:$B$657,MATCH('생산계획(잉크)'!B653,호기!$A$1:$A$657,0),2)) | AB201: =X201+Z201-INDEX(표5[#All],MATCH(B201,표5[[#All],[잉크]],0),5) -> 0 | AC201: =IFERROR(AB201/INDEX(표5[#All],MATCH(B201,표5[[#All],[잉크]],0),20),"")
B202: SUNSET | D202: =IFERROR(C202/INDEX(표5[#All],MATCH(B202,표5[[#All],[잉크]],0),2),"") | E202: =$C202-INDEX(표5[#All],MATCH(B202,표5[[#All],[잉크]],0),24) -> -2 | G202: =IF(ISBLANK(F202),"",INDEX(호기!$A$1:$B$657,MATCH('생산계획(잉크)'!B654,호기!$A$1:$A$657,0),2)) | H202: =C202+F202-INDEX(표5[#All],MATCH(B202,표5[[#All],[잉크]],0),2) -> 0 | I202: =IFERROR(H202/INDEX(표5[#All],MATCH(B202,표5[[#All],[잉크]],0),5),"") -> 0 | J202: 4 | K202: =IF(ISBLANK(J202),"",INDEX(호기!$A$1:$B$657,MATCH('생산계획(잉크)'!B654,호기!$A$1:$A$657,0),2)) -> 3호기 | L202: =H202+J202-INDEX(표5[#All],MATCH(B202,표5[[#All],[잉크]],0),5) -> 3 | M202: =IFERROR(L202/INDEX(표5[#All],MATCH(B202,표5[[#All],[잉크]],0),8),"") | O202: =IF(ISBLANK(N202),"",INDEX(호기!$A$1:$B$657,MATCH('생산계획(잉크)'!B654,호기!$A$1:$A$657,0),2)) | P202: =L202+N202-INDEX(표5[#All],MATCH(B202,표5[[#All],[잉크]],0),5) -> 2 | Q202: =IFERROR(P202/INDEX(표5[#All],MATCH(B202,표5[[#All],[잉크]],0),11),"") | S202: =IF(ISBLANK(R202),"",INDEX(호기!$A$1:$B$657,MATCH('생산계획(잉크)'!B654,호기!$A$1:$A$657,0),2)) | T202: =P202+R202-INDEX(표5[#All],MATCH(B202,표5[[#All],[잉크]],0),5) -> 1 | U202: =IFERROR(T202/INDEX(표5[#All],MATCH(B202,표5[[#All],[잉크]],0),14),"") | W202: =IF(ISBLANK(V202),"",INDEX(호기!$A$1:$B$657,MATCH('생산계획(잉크)'!B654,호기!$A$1:$A$657,0),2)) | X202: =T202+V202-INDEX(표5[#All],MATCH(B202,표5[[#All],[잉크]],0),5) -> 0 | Y202: =IFERROR(X202/INDEX(표5[#All],MATCH(B202,표5[[#All],[잉크]],0),17),"") | AA202: =IF(ISBLANK(Z202),"",INDEX(호기!$A$1:$B$657,MATCH('생산계획(잉크)'!B654,호기!$A$1:$A$657,0),2)) | AB202: =X202+Z202-INDEX(표5[#All],MATCH(B202,표5[[#All],[잉크]],0),5) -> -1 | AC202: =IFERROR(AB202/INDEX(표5[#All],MATCH(B202,표5[[#All],[잉크]],0),20),"")
B203: GHOST | C203: 0 | D203: =IFERROR(C203/INDEX(표5[#All],MATCH(B203,표5[[#All],[잉크]],0),2),"") -> 0 | E203: =$C203-INDEX(표5[#All],MATCH(B203,표5[[#All],[잉크]],0),24) -> -6 | G203: =IF(ISBLANK(F203),"",INDEX(호기!$A$1:$B$657,MATCH('생산계획(잉크)'!B655,호기!$A$1:$A$657,0),2)) | H203: =C203+F203-INDEX(표5[#All],MATCH(B203,표5[[#All],[잉크]],0),2)+9 -> 8 | I203: =IFERROR(H203/INDEX(표5[#All],MATCH(B203,표5[[#All],[잉크]],0),5),"") -> 4 | K203: =IF(ISBLANK(J203),"",INDEX(호기!$A$1:$B$657,MATCH('생산계획(잉크)'!B655,호기!$A$1:$A$657,0),2)) | L203: =H203+J203-INDEX(표5[#All],MATCH(B203,표5[[#All],[잉크]],0),5) -> 6 | M203: =IFERROR(L203/INDEX(표5[#All],MATCH(B203,표5[[#All],[잉크]],0),8),"") | O203: =IF(ISBLANK(N203),"",INDEX(호기!$A$1:$B$657,MATCH('생산계획(잉크)'!B655,호기!$A$1:$A$657,0),2)) | P203: =L203+N203-INDEX(표5[#All],MATCH(B203,표5[[#All],[잉크]],0),5) -> 4 | Q203: =IFERROR(P203/INDEX(표5[#All],MATCH(B203,표5[[#All],[잉크]],0),11),"") | S203: =IF(ISBLANK(R203),"",INDEX(호기!$A$1:$B$657,MATCH('생산계획(잉크)'!B655,호기!$A$1:$A$657,0),2)) | T203: =P203+R203-INDEX(표5[#All],MATCH(B203,표5[[#All],[잉크]],0),5) -> 2 | U203: =IFERROR(T203/INDEX(표5[#All],MATCH(B203,표5[[#All],[잉크]],0),14),"") | W203: =IF(ISBLANK(V203),"",INDEX(호기!$A$1:$B$657,MATCH('생산계획(잉크)'!B655,호기!$A$1:$A$657,0),2)) | X203: =T203+V203-INDEX(표5[#All],MATCH(B203,표5[[#All],[잉크]],0),5) -> 0 | Y203: =IFERROR(X203/INDEX(표5[#All],MATCH(B203,표5[[#All],[잉크]],0),17),"") | AA203: =IF(ISBLANK(Z203),"",INDEX(호기!$A$1:$B$657,MATCH('생산계획(잉크)'!B655,호기!$A$1:$A$657,0),2)) | AB203: =X203+Z203-INDEX(표5[#All],MATCH(B203,표5[[#All],[잉크]],0),5) -> -2 | AC203: =IFERROR(AB203/INDEX(표5[#All],MATCH(B203,표5[[#All],[잉크]],0),20),"")
B204: PLUM | C204: 2 | D204: =IFERROR(C204/INDEX(표5[#All],MATCH(B204,표5[[#All],[잉크]],0),2),"") -> 1 | E204: =$C204-INDEX(표5[#All],MATCH(B204,표5[[#All],[잉크]],0),24) -> -6 | G204: =IF(ISBLANK(F204),"",INDEX(호기!$A$1:$B$657,MATCH('생산계획(잉크)'!B656,호기!$A$1:$A$657,0),2)) | H204: =C204+F204-INDEX(표5[#All],MATCH(B204,표5[[#All],[잉크]],0),2)+4 -> 4 | I204: =IFERROR(H204/INDEX(표5[#All],MATCH(B204,표5[[#All],[잉크]],0),5),"") -> 2 | K204: =IF(ISBLANK(J204),"",INDEX(호기!$A$1:$B$657,MATCH('생산계획(잉크)'!B656,호기!$A$1:$A$657,0),2)) | L204: =H204+J204-INDEX(표5[#All],MATCH(B204,표5[[#All],[잉크]],0),5) -> 2 | M204: =IFERROR(L204/INDEX(표5[#All],MATCH(B204,표5[[#All],[잉크]],0),8),"") | O204: =IF(ISBLANK(N204),"",INDEX(호기!$A$1:$B$657,MATCH('생산계획(잉크)'!B656,호기!$A$1:$A$657,0),2)) | P204: =L204+N204-INDEX(표5[#All],MATCH(B204,표5[[#All],[잉크]],0),5) -> 0 | Q204: =IFERROR(P204/INDEX(표5[#All],MATCH(B204,표5[[#All],[잉크]],0),11),"") | S204: =IF(ISBLANK(R204),"",INDEX(호기!$A$1:$B$657,MATCH('생산계획(잉크)'!B656,호기!$A$1:$A$657,0),2)) | T204: =P204+R204-INDEX(표5[#All],MATCH(B204,표5[[#All],[잉크]],0),5) -> -2 | U204: =IFERROR(T204/INDEX(표5[#All],MATCH(B204,표5[[#All],[잉크]],0),14),"") | W204: =IF(ISBLANK(V204),"",INDEX(호기!$A$1:$B$657,MATCH('생산계획(잉크)'!B656,호기!$A$1:$A$657,0),2)) | X204: =T204+V204-INDEX(표5[#All],MATCH(B204,표5[[#All],[잉크]],0),5) -> -4 | Y204: =IFERROR(X204/INDEX(표5[#All],MATCH(B204,표5[[#All],[잉크]],0),17),"") | AA204: =IF(ISBLANK(Z204),"",INDEX(호기!$A$1:$B$657,MATCH('생산계획(잉크)'!B656,호기!$A$1:$A$657,0),2)) | AB204: =X204+Z204-INDEX(표5[#All],MATCH(B204,표5[[#All],[잉크]],0),5) -> -6 | AC204: =IFERROR(AB204/INDEX(표5[#All],MATCH(B204,표5[[#All],[잉크]],0),20),"")
...

Sheet 제품 추가
B1: 신규 제품 추가 | AC1: 잉크 추가 중복되지 않게 주의
B2: 제품명 | C2: 브랜드 | D2: 잉크명 | E2: 월 | F2: 월-3층 | G2: 월-1층 | H2: 화 | I2: 화-3층 | J2: 화-1층 | K2: 수 | L2: 수-3층 | M2: 수-1층 | N2: 목 | O2: 목-3층 | P2: 목-1층 | Q2: 금 | R2: 금-3층 | S2: 금-1층 | T2: 토 | U2: 토-3층 | V2: 토-1층 | W2: 일 | X2: 일-3층 | Y2: 일-1층 | Z2: 차주 월 | AA2: 열1 | AB2: 열2 | AC2: 잉크 | AD2: 월 | AE2: 월-3층 | AF2: 월-1층 | AG2: 화 | AH2: 화-3층 | AI2: 화-1층 | AJ2: 수 | AK2: 수-3층 | AL2: 수-1층 | AM2: 목 | AN2: 목-3층 | AO2: 목-1층 | AP2: 금 | AQ2: 금-3층 | AR2: 금-1층 | AS2: 토 | AT2: 토-3층 | AU2: 토-1층 | AV2: 일 | AW2: 일-3층 | AX2: 일-1층 | AY2: 차주 월 | AZ2: 누적 합
B3: SOUL BROWN | D3: SOUL | E3: =COUNTIF(사출계획!$E$62:$F$110,표4[[#This Row],[제품명]]) -> 0 | F3: =COUNTIF(사출계획!$E$62:$F$87,표4[[#This Row],[제품명]]) -> 0 | G3: =COUNTIF(사출계획!$E$88:$F$110,표4[[#This Row],[제품명]]) -> 0 | H3: =COUNTIF(사출계획!$G$62:$H$110,표4[[#This Row],[제품명]]) -> 0 | I3: =COUNTIF(사출계획!$G$62:$H$87,표4[[#This Row],[제품명]]) -> 0 | J3: =COUNTIF(사출계획!$G$88:$H$110,표4[[#This Row],[제품명]]) -> 0 | K3: =COUNTIF(사출계획!$I$62:$J$110,표4[[#This Row],[제품명]]) -> 0 | L3: =COUNTIF(사출계획!$I$62:$J$87,표4[[#This Row],[제품명]]) -> 0 | M3: =COUNTIF(사출계획!$I$88:$J$110,표4[[#This Row],[제품명]]) -> 0 | N3: =COUNTIF(사출계획!$K$62:$L$110,표4[[#This Row],[제품명]]) -> 0 | O3: =COUNTIF(사출계획!$K$62:$L$87,표4[[#This Row],[제품명]]) -> 0 | P3: =COUNTIF(사출계획!$K$88:$L$110,표4[[#This Row],[제품명]]) -> 0 | Q3: =COUNTIF(사출계획!$M$62:$N$110,표4[[#This Row],[제품명]]) -> 0 | R3: =COUNTIF(사출계획!$M$62:$N$87,표4[[#This Row],[제품명]]) -> 0 | S3: =COUNTIF(사출계획!$M$88:$N$110,표4[[#This Row],[제품명]]) -> 0 | T3: =COUNTIF(사출계획!$O$62:$P$110,표4[[#This Row],[제품명]]) -> 0 | U3: =COUNTIF(사출계획!$O$62:$P$87,표4[[#This Row],[제품명]]) -> 0 | V3: =COUNTIF(사출계획!$O$88:$P$110,표4[[#This Row],[제품명]]) -> 0 | W3: =COUNTIF(사출계획!$Q$62:$R$110,표4[[#This Row],[제품명]]) -> 0 | X3: =COUNTIF(사출계획!$Q$62:$R$87,표4[[#This Row],[제품명]]) -> 0 | Y3: =COUNTIF(사출계획!$Q$88:$R$110,표4[[#This Row],[제품명]]) -> 0 | Z3: =COUNTIF(사출계획!$S$62:$T$110,표4[[#This Row],[제품명]]) -> 0 | AC3: ABYSS | AD3: =SUMIF(표4[잉크명],표5[[#This Row],[잉크]],표4[월]) -> 0 | AE3: =SUMIF(표4[잉크명],표5[[#This Row],[잉크]],표4[월-3층]) -> 0 | AF3: =SUMIF(표4[잉크명],표5[[#This Row],[잉크]],표4[월-1층]) -> 0 | AG3: =SUMIF(표4[잉크명],표5[[#This Row],[잉크]],표4[화]) -> 0 | AH3: =SUMIF(표4[잉크명],표5[[#This Row],[잉크]],표4[화-3층]) -> 0 | AI3: =SUMIF(표4[잉크명],표5[[#This Row],[잉크]],표4[화-1층]) -> 0 | AJ3: =SUMIF(표4[잉크명],표5[[#This Row],[잉크]],표4[수]) -> 0 | AK3: =SUMIF(표4[잉크명],표5[[#This Row],[잉크]],표4[수-3층]) -> 0 | AL3: =SUMIF(표4[잉크명],표5[[#This Row],[잉크]],표4[수-1층]) -> 0 | AM3: =SUMIF(표4[잉크명],표5[[#This Row],[잉크]],표4[목]) -> 0 | AN3: =SUMIF(표4[잉크명],표5[[#This Row],[잉크]],표4[목-3층]) -> 0 | AO3: =SUMIF(표4[잉크명],표5[[#This Row],[잉크]],표4[목-1층]) -> 0 | AP3: =SUMIF(표4[잉크명],표5[[#This Row],[잉크]],표4[금]) -> 0 | AQ3: =SUMIF(표4[잉크명],표5[[#This Row],[잉크]],표4[금-3층]) -> 0 | AR3: =SUMIF(표4[잉크명],표5[[#This Row],[잉크]],표4[금-1층]) -> 0 | AS3: =SUMIF(표4[잉크명],표5[[#This Row],[잉크]],표4[토]) -> 0 | AT3: =SUMIF(표4[잉크명],표5[[#This Row],[잉크]],표4[토-3층]) -> 0 | AU3: =SUMIF(표4[잉크명],표5[[#This Row],[잉크]],표4[토-1층]) -> 0 | AV3: =SUMIF(표4[잉크명],표5[[#This Row],[잉크]],표4[일]) -> 0 | AW3: =SUMIF(표4[잉크명],표5[[#This Row],[잉크]],표4[일-3층]) -> 0 | AX3: =SUMIF(표4[잉크명],표5[[#This Row],[잉크]],표4[일-1층]) -> 0 | AY3: =SUMIF(표4[잉크명],표5[[#This Row],[잉크]],표4[차주 월]) -> 0 | AZ3: =SUM(표5[[#This Row],[월]:[차주 월]]) -> 0
B4: JAZZ BLACK | D4: GLOOMY | E4: =COUNTIF(사출계획!$E$62:$F$110,표4[[#This Row],[제품명]]) -> 2 | F4: =COUNTIF(사출계획!$E$62:$F$87,표4[[#This Row],[제품명]]) -> 2 | G4: =COUNTIF(사출계획!$E$88:$F$110,표4[[#This Row],[제품명]]) -> 0 | H4: =COUNTIF(사출계획!$G$62:$H$110,표4[[#This Row],[제품명]]) -> 0 | I4: =COUNTIF(사출계획!$G$62:$H$87,표4[[#This Row],[제품명]]) -> 0 | J4: =COUNTIF(사출계획!$G$88:$H$110,표4[[#This Row],[제품명]]) -> 0 | K4: =COUNTIF(사출계획!$I$62:$J$110,표4[[#This Row],[제품명]]) -> 0 | L4: =COUNTIF(사출계획!$I$62:$J$87,표4[[#This Row],[제품명]]) -> 0 | M4: =COUNTIF(사출계획!$I$88:$J$110,표4[[#This Row],[제품명]]) -> 0 | N4: =COUNTIF(사출계획!$K$62:$L$110,표4[[#This Row],[제품명]]) -> 0 | O4: =COUNTIF(사출계획!$K$62:$L$87,표4[[#This Row],[제품명]]) -> 0 | P4: =COUNTIF(사출계획!$K$88:$L$110,표4[[#This Row],[제품명]]) -> 0 | Q4: =COUNTIF(사출계획!$M$62:$N$110,표4[[#This Row],[제품명]]) -> 0 | R4: =COUNTIF(사출계획!$M$62:$N$87,표4[[#This Row],[제품명]]) -> 0 | S4: =COUNTIF(사출계획!$M$88:$N$110,표4[[#This Row],[제품명]]) -> 0 | T4: =COUNTIF(사출계획!$O$62:$P$110,표4[[#This Row],[제품명]]) -> 0 | U4: =COUNTIF(사출계획!$O$62:$P$87,표4[[#This Row],[제품명]]) -> 0 | V4: =COUNTIF(사출계획!$O$88:$P$110,표4[[#This Row],[제품명]]) -> 0 | W4: =COUNTIF(사출계획!$Q$62:$R$110,표4[[#This Row],[제품명]]) -> 0 | X4: =COUNTIF(사출계획!$Q$62:$R$87,표4[[#This Row],[제품명]]) -> 0 | Y4: =COUNTIF(사출계획!$Q$88:$R$110,표4[[#This Row],[제품명]]) -> 0 | Z4: =COUNTIF(사출계획!$S$62:$T$110,표4[[#This Row],[제품명]]) -> 0 | AC4: ACACIA | AD4: =SUMIF(표4[잉크명],표5[[#This Row],[잉크]],표4[월]) -> 0 | AE4: =SUMIF(표4[잉크명],표5[[#This Row],[잉크]],표4[월-3층]) -> 0 | AF4: =SUMIF(표4[잉크명],표5[[#This Row],[잉크]],표4[월-1층]) -> 0 | AG4: =SUMIF(표4[잉크명],표5[[#This Row],[잉크]],표4[화]) -> 0 | AH4: =SUMIF(표4[잉크명],표5[[#This Row],[잉크]],표4[화-3층]) -> 0 | AI4: =SUMIF(표4[잉크명],표5[[#This Row],[잉크]],표4[화-1층]) -> 0 | AJ4: =SUMIF(표4[잉크명],표5[[#This Row],[잉크]],표4[수]) -> 0 | AK4: =SUMIF(표4[잉크명],표5[[#This Row],[잉크]],표4[수-3층]) -> 0 | AL4: =SUMIF(표4[잉크명],표5[[#This Row],[잉크]],표4[수-1층]) -> 0 | AM4: =SUMIF(표4[잉크명],표5[[#This Row],[잉크]],표4[목]) -> 0 | AN4: =SUMIF(표4[잉크명],표5[[#This Row],[잉크]],표4[목-3층]) -> 0 | AO4: =SUMIF(표4[잉크명],표5[[#This Row],[잉크]],표4[목-1층]) -> 0 | AP4: =SUMIF(표4[잉크명],표5[[#This Row],[잉크]],표4[금]) -> 0 | AQ4: =SUMIF(표4[잉크명],표5[[#This Row],[잉크]],표4[금-3층]) -> 0 | AR4: =SUMIF(표4[잉크명],표5[[#This Row],[잉크]],표4[금-1층]) -> 0 | AS4: =SUMIF(표4[잉크명],표5[[#This Row],[잉크]],표4[토]) -> 0 | AT4: =SUMIF(표4[잉크명],표5[[#This Row],[잉크]],표4[토-3층]) -> 0 | AU4: =SUMIF(표4[잉크명],표5[[#This Row],[잉크]],표4[토-1층]) -> 0 | AV4: =SUMIF(표4[잉크명],표5[[#This Row],[잉크]],표4[일]) -> 0 | AW4: =SUMIF(표4[잉크명],표5[[#This Row],[잉크]],표4[일-3층]) -> 0 | AX4: =SUMIF(표4[잉크명],표5[[#This Row],[잉크]],표4[일-1층]) -> 0 | AY4: =SUMIF(표4[잉크명],표5[[#This Row],[잉크]],표4[차주 월]) -> 0 | AZ4: =SUM(표5[[#This Row],[월]:[차주 월]]) -> 0
B5: RHAPSODY | D5: DARK | E5: =COUNTIF(사출계획!$E$62:$F$110,표4[[#This Row],[제품명]]) -> 0 | F5: =COUNTIF(사출계획!$E$62:$F$87,표4[[#This Row],[제품명]]) -> 0 | G5: =COUNTIF(사출계획!$E$88:$F$110,표4[[#This Row],[제품명]]) -> 0 | H5: =COUNTIF(사출계획!$G$62:$H$110,표4[[#This Row],[제품명]]) -> 0 | I5: =COUNTIF(사출계획!$G$62:$H$87,표4[[#This Row],[제품명]]) -> 0 | J5: =COUNTIF(사출계획!$G$88:$H$110,표4[[#This Row],[제품명]]) -> 0 | K5: =COUNTIF(사출계획!$I$62:$J$110,표4[[#This Row],[제품명]]) -> 0 | L5: =COUNTIF(사출계획!$I$62:$J$87,표4[[#This Row],[제품명]]) -> 0 | M5: =COUNTIF(사출계획!$I$88:$J$110,표4[[#This Row],[제품명]]) -> 0 | N5: =COUNTIF(사출계획!$K$62:$L$110,표4[[#This Row],[제품명]]) -> 0 | O5: =COUNTIF(사출계획!$K$62:$L$87,표4[[#This Row],[제품명]]) -> 0 | P5: =COUNTIF(사출계획!$K$88:$L$110,표4[[#This Row],[제품명]]) -> 0 | Q5: =COUNTIF(사출계획!$M$62:$N$110,표4[[#This Row],[제품명]]) -> 0 | R5: =COUNTIF(사출계획!$M$62:$N$87,표4[[#This Row],[제품명]]) -> 0 | S5: =COUNTIF(사출계획!$M$88:$N$110,표4[[#This Row],[제품명]]) -> 0 | T5: =COUNTIF(사출계획!$O$62:$P$110,표4[[#This Row],[제품명]]) -> 0 | U5: =COUNTIF(사출계획!$O$62:$P$87,표4[[#This Row],[제품명]]) -> 0 | V5: =COUNTIF(사출계획!$O$88:$P$110,표4[[#This Row],[제품명]]) -> 0 | W5: =COUNTIF(사출계획!$Q$62:$R$110,표4[[#This Row],[제품명]]) -> 0 | X5: =COUNTIF(사출계획!$Q$62:$R$87,표4[[#This Row],[제품명]]) -> 0 | Y5: =COUNTIF(사출계획!$Q$88:$R$110,표4[[#This Row],[제품명]]) -> 0 | Z5: =COUNTIF(사출계획!$S$62:$T$110,표4[[#This Row],[제품명]]) -> 0 | AC5: ACID | AD5: =SUMIF(표4[잉크명],표5[[#This Row],[잉크]],표4[월]) -> 0 | AE5: =SUMIF(표4[잉크명],표5[[#This Row],[잉크]],표4[월-3층]) -> 0 | AF5: =SUMIF(표4[잉크명],표5[[#This Row],[잉크]],표4[월-1층]) -> 0 | AG5: =SUMIF(표4[잉크명],표5[[#This Row],[잉크]],표4[화]) -> 0 | AH5: =SUMIF(표4[잉크명],표5[[#This Row],[잉크]],표4[화-3층]) -> 0 | AI5: =SUMIF(표4[잉크명],표5[[#This Row],[잉크]],표4[화-1층]) -> 0 | AJ5: =SUMIF(표4[잉크명],표5[[#This Row],[잉크]],표4[수]) -> 0 | AK5: =SUMIF(표4[잉크명],표5[[#This Row],[잉크]],표4[수-3층]) -> 0 | AL5: =SUMIF(표4[잉크명],표5[[#This Row],[잉크]],표4[수-1층]) -> 0 | AM5: =SUMIF(표4[잉크명],표5[[#This Row],[잉크]],표4[목]) -> 0 | AN5: =SUMIF(표4[잉크명],표5[[#This Row],[잉크]],표4[목-3층]) -> 0 | AO5: =SUMIF(표4[잉크명],표5[[#This Row],[잉크]],표4[목-1층]) -> 0 | AP5: =SUMIF(표4[잉크명],표5[[#This Row],[잉크]],표4[금]) -> 0 | AQ5: =SUMIF(표4[잉크명],표5[[#This Row],[잉크]],표4[금-3층]) -> 0 | AR5: =SUMIF(표4[잉크명],표5[[#This Row],[잉크]],표4[금-1층]) -> 0 | AS5: =SUMIF(표4[잉크명],표5[[#This Row],[잉크]],표4[토]) -> 0 | AT5: =SUMIF(표4[잉크명],표5[[#This Row],[잉크]],표4[토-3층]) -> 0 | AU5: =SUMIF(표4[잉크명],표5[[#This Row],[잉크]],표4[토-1층]) -> 0 | AV5: =SUMIF(표4[잉크명],표5[[#This Row],[잉크]],표4[일]) -> 0 | AW5: =SUMIF(표4[잉크명],표5[[#This Row],[잉크]],표4[일-3층]) -> 0 | AX5: =SUMIF(표4[잉크명],표5[[#This Row],[잉크]],표4[일-1층]) -> 0 | AY5: =SUMIF(표4[잉크명],표5[[#This Row],[잉크]],표4[차주 월]) -> 0 | AZ5: =SUM(표5[[#This Row],[월]:[차주 월]]) -> 0
B6: RHAPSODY | D6: LUXE | E6: =COUNTIF(사출계획!$E$62:$F$110,표4[[#This Row],[제품명]]) -> 0 | F6: =COUNTIF(사출계획!$E$62:$F$87,표4[[#This Row],[제품명]]) -> 0 | G6: =COUNTIF(사출계획!$E$88:$F$110,표4[[#This Row],[제품명]]) -> 0 | H6: =COUNTIF(사출계획!$G$62:$H$110,표4[[#This Row],[제품명]]) -> 0 | I6: =COUNTIF(사출계획!$G$62:$H$87,표4[[#This Row],[제품명]]) -> 0 | J6: =COUNTIF(사출계획!$G$88:$H$110,표4[[#This Row],[제품명]]) -> 0 | K6: =COUNTIF(사출계획!$I$62:$J$110,표4[[#This Row],[제품명]]) -> 0 | L6: =COUNTIF(사출계획!$I$62:$J$87,표4[[#This Row],[제품명]]) -> 0 | M6: =COUNTIF(사출계획!$I$88:$J$110,표4[[#This Row],[제품명]]) -> 0 | N6: =COUNTIF(사출계획!$K$62:$L$110,표4[[#This Row],[제품명]]) -> 0 | O6: =COUNTIF(사출계획!$K$62:$L$87,표4[[#This Row],[제품명]]) -> 0 | P6: =COUNTIF(사출계획!$K$88:$L$110,표4[[#This Row],[제품명]]) -> 0 | Q6: =COUNTIF(사출계획!$M$62:$N$110,표4[[#This Row],[제품명]]) -> 0 | R6: =COUNTIF(사출계획!$M$62:$N$87,표4[[#This Row],[제품명]]) -> 0 | S6: =COUNTIF(사출계획!$M$88:$N$110,표4[[#This Row],[제품명]]) -> 0 | T6: =COUNTIF(사출계획!$O$62:$P$110,표4[[#This Row],[제품명]]) -> 0 | U6: =COUNTIF(사출계획!$O$62:$P$87,표4[[#This Row],[제품명]]) -> 0 | V6: =COUNTIF(사출계획!$O$88:$P$110,표4[[#This Row],[제품명]]) -> 0 | W6: =COUNTIF(사출계획!$Q$62:$R$110,표4[[#This Row],[제품명]]) -> 0 | X6: =COUNTIF(사출계획!$Q$62:$R$87,표4[[#This Row],[제품명]]) -> 0 | Y6: =COUNTIF(사출계획!$Q$88:$R$110,표4[[#This Row],[제품명]]) -> 0 | Z6: =COUNTIF(사출계획!$S$62:$T$110,표4[[#This Row],[제품명]]) -> 0 | AC6: ACORN | AD6: =SUMIF(표4[잉크명],표5[[#This Row],[잉크]],표4[월]) -> 0 | AE6: =SUMIF(표4[잉크명],표5[[#This Row],[잉크]],표4[월-3층]) -> 0 | AF6: =SUMIF(표4[잉크명],표5[[#This Row],[잉크]],표4[월-1층]) -> 0 | AG6: =SUMIF(표4[잉크명],표5[[#This Row],[잉크]],표4[화]) -> 0 | AH6: =SUMIF(표4[잉크명],표5[[#This Row],[잉크]],표4[화-3층]) -> 0 | AI6: =SUMIF(표4[잉크명],표5[[#This Row],[잉크]],표4[화-1층]) -> 0 | AJ6: =SUMIF(표4[잉크명],표5[[#This Row],[잉크]],표4[수]) -> 0 | AK6: =SUMIF(표4[잉크명],표5[[#This Row],[잉크]],표4[수-3층]) -> 0 | AL6: =SUMIF(표4[잉크명],표5[[#This Row],[잉크]],표4[수-1층]) -> 0 | AM6: =SUMIF(표4[잉크명],표5[[#This Row],[잉크]],표4[목]) -> 0 | AN6: =SUMIF(표4[잉크명],표5[[#This Row],[잉크]],표4[목-3층]) -> 0 | AO6: =SUMIF(표4[잉크명],표5[[#This Row],[잉크]],표4[목-1층]) -> 0 | AP6: =SUMIF(표4[잉크명],표5[[#This Row],[잉크]],표4[금]) -> 0 | AQ6: =SUMIF(표4[잉크명],표5[[#This Row],[잉크]],표4[금-3층]) -> 0 | AR6: =SUMIF(표4[잉크명],표5[[#This Row],[잉크]],표4[금-1층]) -> 0 | AS6: =SUMIF(표4[잉크명],표5[[#This Row],[잉크]],표4[토]) -> 0 | AT6: =SUMIF(표4[잉크명],표5[[#This Row],[잉크]],표4[토-3층]) -> 0 | AU6: =SUMIF(표4[잉크명],표5[[#This Row],[잉크]],표4[토-1층]) -> 0 | AV6: =SUMIF(표4[잉크명],표5[[#This Row],[잉크]],표4[일]) -> 0 | AW6: =SUMIF(표4[잉크명],표5[[#This Row],[잉크]],표4[일-3층]) -> 0 | AX6: =SUMIF(표4[잉크명],표5[[#This Row],[잉크]],표4[일-1층]) -> 0 | AY6: =SUMIF(표4[잉크명],표5[[#This Row],[잉크]],표4[차주 월]) -> 0 | AZ6: =SUM(표5[[#This Row],[월]:[차주 월]]) -> 0
B7: LATIN | D7: POTTER | E7: =COUNTIF(사출계획!$E$62:$F$110,표4[[#This Row],[제품명]]) -> 0 | F7: =COUNTIF(사출계획!$E$62:$F$87,표4[[#This Row],[제품명]]) -> 0 | G7: =COUNTIF(사출계획!$E$88:$F$110,표4[[#This Row],[제품명]]) -> 0 | H7: =COUNTIF(사출계획!$G$62:$H$110,표4[[#This Row],[제품명]]) -> 0 | I7: =COUNTIF(사출계획!$G$62:$H$87,표4[[#This Row],[제품명]]) -> 0 | J7: =COUNTIF(사출계획!$G$88:$H$110,표4[[#This Row],[제품명]]) -> 0 | K7: =COUNTIF(사출계획!$I$62:$J$110,표4[[#This Row],[제품명]]) -> 0 | L7: =COUNTIF(사출계획!$I$62:$J$87,표4[[#This Row],[제품명]]) -> 0 | M7: =COUNTIF(사출계획!$I$88:$J$110,표4[[#This Row],[제품명]]) -> 0 | N7: =COUNTIF(사출계획!$K$62:$L$110,표4[[#This Row],[제품명]]) -> 0 | O7: =COUNTIF(사출계획!$K$62:$L$87,표4[[#This Row],[제품명]]) -> 0 | P7: =COUNTIF(사출계획!$K$88:$L$110,표4[[#This Row],[제품명]]) -> 0 | Q7: =COUNTIF(사출계획!$M$62:$N$110,표4[[#This Row],[제품명]]) -> 0 | R7: =COUNTIF(사출계획!$M$62:$N$87,표4[[#This Row],[제품명]]) -> 0 | S7: =COUNTIF(사출계획!$M$88:$N$110,표4[[#This Row],[제품명]]) -> 0 | T7: =COUNTIF(사출계획!$O$62:$P$110,표4[[#This Row],[제품명]]) -> 0 | U7: =COUNTIF(사출계획!$O$62:$P$87,표4[[#This Row],[제품명]]) -> 0 | V7: =COUNTIF(사출계획!$O$88:$P$110,표4[[#This Row],[제품명]]) -> 0 | W7: =COUNTIF(사출계획!$Q$62:$R$110,표4[[#This Row],[제품명]]) -> 0 | X7: =COUNTIF(사출계획!$Q$62:$R$87,표4[[#This Row],[제품명]]) -> 0 | Y7: =COUNTIF(사출계획!$Q$88:$R$110,표4[[#This Row],[제품명]]) -> 0 | Z7: =COUNTIF(사출계획!$S$62:$T$110,표4[[#This Row],[제품명]]) -> 0 | AC7: AFFO | AD7: =SUMIF(표4[잉크명],표5[[#This Row],[잉크]],표4[월]) -> 0 | AE7: =SUMIF(표4[잉크명],표5[[#This Row],[잉크]],표4[월-3층]) -> 0 | AF7: =SUMIF(표4[잉크명],표5[[#This Row],[잉크]],표4[월-1층]) -> 0 | AG7: =SUMIF(표4[잉크명],표5[[#This Row],[잉크]],표4[화]) -> 0 | AH7: =SUMIF(표4[잉크명],표5[[#This Row],[잉크]],표4[화-3층]) -> 0 | AI7: =SUMIF(표4[잉크명],표5[[#This Row],[잉크]],표4[화-1층]) -> 0 | AJ7: =SUMIF(표4[잉크명],표5[[#This Row],[잉크]],표4[수]) -> 0 | AK7: =SUMIF(표4[잉크명],표5[[#This Row],[잉크]],표4[수-3층]) -> 0 | AL7: =SUMIF(표4[잉크명],표5[[#This Row],[잉크]],표4[수-1층]) -> 0 | AM7: =SUMIF(표4[잉크명],표5[[#This Row],[잉크]],표4[목]) -> 0 | AN7: =SUMIF(표4[잉크명],표5[[#This Row],[잉크]],표4[목-3층]) -> 0 | AO7: =SUMIF(표4[잉크명],표5[[#This Row],[잉크]],표4[목-1층]) -> 0 | AP7: =SUMIF(표4[잉크명],표5[[#This Row],[잉크]],표4[금]) -> 0 | AQ7: =SUMIF(표4[잉크명],표5[[#This Row],[잉크]],표4[금-3층]) -> 0 | AR7: =SUMIF(표4[잉크명],표5[[#This Row],[잉크]],표4[금-1층]) -> 0 | AS7: =SUMIF(표4[잉크명],표5[[#This Row],[잉크]],표4[토]) -> 0 | AT7: =SUMIF(표4[잉크명],표5[[#This Row],[잉크]],표4[토-3층]) -> 0 | AU7: =SUMIF(표4[잉크명],표5[[#This Row],[잉크]],표4[토-1층]) -> 0 | AV7: =SUMIF(표4[잉크명],표5[[#This Row],[잉크]],표4[일]) -> 0 | AW7: =SUMIF(표4[잉크명],표5[[#This Row],[잉크]],표4[일-3층]) -> 0 | AX7: =SUMIF(표4[잉크명],표5[[#This Row],[잉크]],표4[일-1층]) -> 0 | AY7: =SUMIF(표4[잉크명],표5[[#This Row],[잉크]],표4[차주 월]) -> 0 | AZ7: =SUM(표5[[#This Row],[월]:[차주 월]]) -> 0
B8: LATIN | D8: BRONZE | E8: =COUNTIF(사출계획!$E$62:$F$110,표4[[#This Row],[제품명]]) -> 0 | F8: =COUNTIF(사출계획!$E$62:$F$87,표4[[#This Row],[제품명]]) -> 0 | G8: =COUNTIF(사출계획!$E$88:$F$110,표4[[#This Row],[제품명]]) -> 0 | H8: =COUNTIF(사출계획!$G$62:$H$110,표4[[#This Row],[제품명]]) -> 0 | I8: =COUNTIF(사출계획!$G$62:$H$87,표4[[#This Row],[제품명]]) -> 0 | J8: =COUNTIF(사출계획!$G$88:$H$110,표4[[#This Row],[제품명]]) -> 0 | K8: =COUNTIF(사출계획!$I$62:$J$110,표4[[#This Row],[제품명]]) -> 0 | L8: =COUNTIF(사출계획!$I$62:$J$87,표4[[#This Row],[제품명]]) -> 0 | M8: =COUNTIF(사출계획!$I$88:$J$110,표4[[#This Row],[제품명]]) -> 0 | N8: =COUNTIF(사출계획!$K$62:$L$110,표4[[#This Row],[제품명]]) -> 0 | O8: =COUNTIF(사출계획!$K$62:$L$87,표4[[#This Row],[제품명]]) -> 0 | P8: =COUNTIF(사출계획!$K$88:$L$110,표4[[#This Row],[제품명]]) -> 0 | Q8: =COUNTIF(사출계획!$M$62:$N$110,표4[[#This Row],[제품명]]) -> 0 | R8: =COUNTIF(사출계획!$M$62:$N$87,표4[[#This Row],[제품명]]) -> 0 | S8: =COUNTIF(사출계획!$M$88:$N$110,표4[[#This Row],[제품명]]) -> 0 | T8: =COUNTIF(사출계획!$O$62:$P$110,표4[[#This Row],[제품명]]) -> 0 | U8: =COUNTIF(사출계획!$O$62:$P$87,표4[[#This Row],[제품명]]) -> 0 | V8: =COUNTIF(사출계획!$O$88:$P$110,표4[[#This Row],[제품명]]) -> 0 | W8: =COUNTIF(사출계획!$Q$62:$R$110,표4[[#This Row],[제품명]]) -> 0 | X8: =COUNTIF(사출계획!$Q$62:$R$87,표4[[#This Row],[제품명]]) -> 0 | Y8: =COUNTIF(사출계획!$Q$88:$R$110,표4[[#This Row],[제품명]]) -> 0 | Z8: =COUNTIF(사출계획!$S$62:$T$110,표4[[#This Row],[제품명]]) -> 0 | AC8: AIR | AD8: =SUMIF(표4[잉크명],표5[[#This Row],[잉크]],표4[월]) -> 1 | AE8: =SUMIF(표4[잉크명],표5[[#This Row],[잉크]],표4[월-3층]) -> 0 | AF8: =SUMIF(표4[잉크명],표5[[#This Row],[잉크]],표4[월-1층]) -> 1 | AG8: =SUMIF(표4[잉크명],표5[[#This Row],[잉크]],표4[화]) -> 0 | AH8: =SUMIF(표4[잉크명],표5[[#This Row],[잉크]],표4[화-3층]) -> 0 | AI8: =SUMIF(표4[잉크명],표5[[#This Row],[잉크]],표4[화-1층]) -> 0 | AJ8: =SUMIF(표4[잉크명],표5[[#This Row],[잉크]],표4[수]) -> 0 | AK8: =SUMIF(표4[잉크명],표5[[#This Row],[잉크]],표4[수-3층]) -> 0 | AL8: =SUMIF(표4[잉크명],표5[[#This Row],[잉크]],표4[수-1층]) -> 0 | AM8: =SUMIF(표4[잉크명],표5[[#This Row],[잉크]],표4[목]) -> 0 | AN8: =SUMIF(표4[잉크명],표5[[#This Row],[잉크]],표4[목-3층]) -> 0 | AO8: =SUMIF(표4[잉크명],표5[[#This Row],[잉크]],표4[목-1층]) -> 0 | AP8: =SUMIF(표4[잉크명],표5[[#This Row],[잉크]],표4[금]) -> 0 | AQ8: =SUMIF(표4[잉크명],표5[[#This Row],[잉크]],표4[금-3층]) -> 0 | AR8: =SUMIF(표4[잉크명],표5[[#This Row],[잉크]],표4[금-1층]) -> 0 | AS8: =SUMIF(표4[잉크명],표5[[#This Row],[잉크]],표4[토]) -> 0 | AT8: =SUMIF(표4[잉크명],표5[[#This Row],[잉크]],표4[토-3층]) -> 0 | AU8: =SUMIF(표4[잉크명],표5[[#This Row],[잉크]],표4[토-1층]) -> 0 | AV8: =SUMIF(표4[잉크명],표5[[#This Row],[잉크]],표4[일]) -> 0 | AW8: =SUMIF(표4[잉크명],표5[[#This Row],[잉크]],표4[일-3층]) -> 0 | AX8: =SUMIF(표4[잉크명],표5[[#This Row],[잉크]],표4[일-1층]) -> 0 | AY8: =SUMIF(표4[잉크명],표5[[#This Row],[잉크]],표4[차주 월]) -> 0 | AZ8: =SUM(표5[[#This Row],[월]:[차주 월]]) -> 2
B9: SUZY G | D9: ARNOLD | E9: =COUNTIF(사출계획!$E$62:$F$110,표4[[#This Row],[제품명]]) -> 1 | F9: =COUNTIF(사출계획!$E$62:$F$87,표4[[#This Row],[제품명]]) -> 0 | G9: =COUNTIF(사출계획!$E$88:$F$110,표4[[#This Row],[제품명]]) -> 1 | H9: =COUNTIF(사출계획!$G$62:$H$110,표4[[#This Row],[제품명]]) -> 0 | I9: =COUNTIF(사출계획!$G$62:$H$87,표4[[#This Row],[제품명]]) -> 0 | J9: =COUNTIF(사출계획!$G$88:$H$110,표4[[#This Row],[제품명]]) -> 0 | K9: =COUNTIF(사출계획!$I$62:$J$110,표4[[#This Row],[제품명]]) -> 0 | L9: =COUNTIF(사출계획!$I$62:$J$87,표4[[#This Row],[제품명]]) -> 0 | M9: =COUNTIF(사출계획!$I$88:$J$110,표4[[#This Row],[제품명]]) -> 0 | N9: =COUNTIF(사출계획!$K$62:$L$110,표4[[#This Row],[제품명]]) -> 0 | O9: =COUNTIF(사출계획!$K$62:$L$87,표4[[#This Row],[제품명]]) -> 0 | P9: =COUNTIF(사출계획!$K$88:$L$110,표4[[#This Row],[제품명]]) -> 0 | Q9: =COUNTIF(사출계획!$M$62:$N$110,표4[[#This Row],[제품명]]) -> 0 | R9: =COUNTIF(사출계획!$M$62:$N$87,표4[[#This Row],[제품명]]) -> 0 | S9: =COUNTIF(사출계획!$M$88:$N$110,표4[[#This Row],[제품명]]) -> 0 | T9: =COUNTIF(사출계획!$O$62:$P$110,표4[[#This Row],[제품명]]) -> 0 | U9: =COUNTIF(사출계획!$O$62:$P$87,표4[[#This Row],[제품명]]) -> 0 | V9: =COUNTIF(사출계획!$O$88:$P$110,표4[[#This Row],[제품명]]) -> 0 | W9: =COUNTIF(사출계획!$Q$62:$R$110,표4[[#This Row],[제품명]]) -> 0 | X9: =COUNTIF(사출계획!$Q$62:$R$87,표4[[#This Row],[제품명]]) -> 0 | Y9: =COUNTIF(사출계획!$Q$88:$R$110,표4[[#This Row],[제품명]]) -> 0 | Z9: =COUNTIF(사출계획!$S$62:$T$110,표4[[#This Row],[제품명]]) -> 0 | AC9: ALESAN | AD9: =SUMIF(표4[잉크명],표5[[#This Row],[잉크]],표4[월]) -> 0 | AE9: =SUMIF(표4[잉크명],표5[[#This Row],[잉크]],표4[월-3층]) -> 0 | AF9: =SUMIF(표4[잉크명],표5[[#This Row],[잉크]],표4[월-1층]) -> 0 | AG9: =SUMIF(표4[잉크명],표5[[#This Row],[잉크]],표4[화]) -> 0 | AH9: =SUMIF(표4[잉크명],표5[[#This Row],[잉크]],표4[화-3층]) -> 0 | AI9: =SUMIF(표4[잉크명],표5[[#This Row],[잉크]],표4[화-1층]) -> 0 | AJ9: =SUMIF(표4[잉크명],표5[[#This Row],[잉크]],표4[수]) -> 0 | AK9: =SUMIF(표4[잉크명],표5[[#This Row],[잉크]],표4[수-3층]) -> 0 | AL9: =SUMIF(표4[잉크명],표5[[#This Row],[잉크]],표4[수-1층]) -> 0 | AM9: =SUMIF(표4[잉크명],표5[[#This Row],[잉크]],표4[목]) -> 0 | AN9: =SUMIF(표4[잉크명],표5[[#This Row],[잉크]],표4[목-3층]) -> 0 | AO9: =SUMIF(표4[잉크명],표5[[#This Row],[잉크]],표4[목-1층]) -> 0 | AP9: =SUMIF(표4[잉크명],표5[[#This Row],[잉크]],표4[금]) -> 0 | AQ9: =SUMIF(표4[잉크명],표5[[#This Row],[잉크]],표4[금-3층]) -> 0 | AR9: =SUMIF(표4[잉크명],표5[[#This Row],[잉크]],표4[금-1층]) -> 0 | AS9: =SUMIF(표4[잉크명],표5[[#This Row],[잉크]],표4[토]) -> 0 | AT9: =SUMIF(표4[잉크명],표5[[#This Row],[잉크]],표4[토-3층]) -> 0 | AU9: =SUMIF(표4[잉크명],표5[[#This Row],[잉크]],표4[토-1층]) -> 0 | AV9: =SUMIF(표4[잉크명],표5[[#This Row],[잉크]],표4[일]) -> 0 | AW9: =SUMIF(표4[잉크명],표5[[#This Row],[잉크]],표4[일-3층]) -> 0 | AX9: =SUMIF(표4[잉크명],표5[[#This Row],[잉크]],표4[일-1층]) -> 0 | AY9: =SUMIF(표4[잉크명],표5[[#This Row],[잉크]],표4[차주 월]) -> 0 | AZ9: =SUM(표5[[#This Row],[월]:[차주 월]]) -> 0
B10: SUZY G | D10: GRAPHITE | E10: =COUNTIF(사출계획!$E$62:$F$110,표4[[#This Row],[제품명]]) -> 1 | F10: =COUNTIF(사출계획!$E$62:$F$87,표4[[#This Row],[제품명]]) -> 0 | G10: =COUNTIF(사출계획!$E$88:$F$110,표4[[#This Row],[제품명]]) -> 1 | H10: =COUNTIF(사출계획!$G$62:$H$110,표4[[#This Row],[제품명]]) -> 0 | I10: =COUNTIF(사출계획!$G$62:$H$87,표4[[#This Row],[제품명]]) -> 0 | J10: =COUNTIF(사출계획!$G$88:$H$110,표4[[#This Row],[제품명]]) -> 0 | K10: =COUNTIF(사출계획!$I$62:$J$110,표4[[#This Row],[제품명]]) -> 0 | L10: =COUNTIF(사출계획!$I$62:$J$87,표4[[#This Row],[제품명]]) -> 0 | M10: =COUNTIF(사출계획!$I$88:$J$110,표4[[#This Row],[제품명]]) -> 0 | N10: =COUNTIF(사출계획!$K$62:$L$110,표4[[#This Row],[제품명]]) -> 0 | O10: =COUNTIF(사출계획!$K$62:$L$87,표4[[#This Row],[제품명]]) -> 0 | P10: =COUNTIF(사출계획!$K$88:$L$110,표4[[#This Row],[제품명]]) -> 0 | Q10: =COUNTIF(사출계획!$M$62:$N$110,표4[[#This Row],[제품명]]) -> 0 | R10: =COUNTIF(사출계획!$M$62:$N$87,표4[[#This Row],[제품명]]) -> 0 | S10: =COUNTIF(사출계획!$M$88:$N$110,표4[[#This Row],[제품명]]) -> 0 | T10: =COUNTIF(사출계획!$O$62:$P$110,표4[[#This Row],[제품명]]) -> 0 | U10: =COUNTIF(사출계획!$O$62:$P$87,표4[[#This Row],[제품명]]) -> 0 | V10: =COUNTIF(사출계획!$O$88:$P$110,표4[[#This Row],[제품명]]) -> 0 | W10: =COUNTIF(사출계획!$Q$62:$R$110,표4[[#This Row],[제품명]]) -> 0 | X10: =COUNTIF(사출계획!$Q$62:$R$87,표4[[#This Row],[제품명]]) -> 0 | Y10: =COUNTIF(사출계획!$Q$88:$R$110,표4[[#This Row],[제품명]]) -> 0 | Z10: =COUNTIF(사출계획!$S$62:$T$110,표4[[#This Row],[제품명]]) -> 0 | AC10: ALMOND | AD10: =SUMIF(표4[잉크명],표5[[#This Row],[잉크]],표4[월]) -> 0 | AE10: =SUMIF(표4[잉크명],표5[[#This Row],[잉크]],표4[월-3층]) -> 0 | AF10: =SUMIF(표4[잉크명],표5[[#This Row],[잉크]],표4[월-1층]) -> 0 | AG10: =SUMIF(표4[잉크명],표5[[#This Row],[잉크]],표4[화]) -> 1 | AH10: =SUMIF(표4[잉크명],표5[[#This Row],[잉크]],표4[화-3층]) -> 0 | AI10: =SUMIF(표4[잉크명],표5[[#This Row],[잉크]],표4[화-1층]) -> 1 | AJ10: =SUMIF(표4[잉크명],표5[[#This Row],[잉크]],표4[수]) -> 0 | AK10: =SUMIF(표4[잉크명],표5[[#This Row],[잉크]],표4[수-3층]) -> 0 | AL10: =SUMIF(표4[잉크명],표5[[#This Row],[잉크]],표4[수-1층]) -> 0 | AM10: =SUMIF(표4[잉크명],표5[[#This Row],[잉크]],표4[목]) -> 0 | AN10: =SUMIF(표4[잉크명],표5[[#This Row],[잉크]],표4[목-3층]) -> 0 | AO10: =SUMIF(표4[잉크명],표5[[#This Row],[잉크]],표4[목-1층]) -> 0 | AP10: =SUMIF(표4[잉크명],표5[[#This Row],[잉크]],표4[금]) -> 0 | AQ10: =SUMIF(표4[잉크명],표5[[#This Row],[잉크]],표4[금-3층]) -> 0 | AR10: =SUMIF(표4[잉크명],표5[[#This Row],[잉크]],표4[금-1층]) -> 0 | AS10: =SUMIF(표4[잉크명],표5[[#This Row],[잉크]],표4[토]) -> 0 | AT10: =SUMIF(표4[잉크명],표5[[#This Row],[잉크]],표4[토-3층]) -> 0 | AU10: =SUMIF(표4[잉크명],표5[[#This Row],[잉크]],표4[토-1층]) -> 0 | AV10: =SUMIF(표4[잉크명],표5[[#This Row],[잉크]],표4[일]) -> 0 | AW10: =SUMIF(표4[잉크명],표5[[#This Row],[잉크]],표4[일-3층]) -> 0 | AX10: =SUMIF(표4[잉크명],표5[[#This Row],[잉크]],표4[일-1층]) -> 0 | AY10: =SUMIF(표4[잉크명],표5[[#This Row],[잉크]],표4[차주 월]) -> 0 | AZ10: =SUM(표5[[#This Row],[월]:[차주 월]]) -> 2
B11: NELLY BROWN | D11: MOCHA | E11: =COUNTIF(사출계획!$E$62:$F$110,표4[[#This Row],[제품명]]) -> 0 | F11: =COUNTIF(사출계획!$E$62:$F$87,표4[[#This Row],[제품명]]) -> 0 | G11: =COUNTIF(사출계획!$E$88:$F$110,표4[[#This Row],[제품명]]) -> 0 | H11: =COUNTIF(사출계획!$G$62:$H$110,표4[[#This Row],[제품명]]) -> 0 | I11: =COUNTIF(사출계획!$G$62:$H$87,표4[[#This Row],[제품명]]) -> 0 | J11: =COUNTIF(사출계획!$G$88:$H$110,표4[[#This Row],[제품명]]) -> 0 | K11: =COUNTIF(사출계획!$I$62:$J$110,표4[[#This Row],[제품명]]) -> 0 | L11: =COUNTIF(사출계획!$I$62:$J$87,표4[[#This Row],[제품명]]) -> 0 | M11: =COUNTIF(사출계획!$I$88:$J$110,표4[[#This Row],[제품명]]) -> 0 | N11: =COUNTIF(사출계획!$K$62:$L$110,표4[[#This Row],[제품명]]) -> 0 | O11: =COUNTIF(사출계획!$K$62:$L$87,표4[[#This Row],[제품명]]) -> 0 | P11: =COUNTIF(사출계획!$K$88:$L$110,표4[[#This Row],[제품명]]) -> 0 | Q11: =COUNTIF(사출계획!$M$62:$N$110,표4[[#This Row],[제품명]]) -> 0 | R11: =COUNTIF(사출계획!$M$62:$N$87,표4[[#This Row],[제품명]]) -> 0 | S11: =COUNTIF(사출계획!$M$88:$N$110,표4[[#This Row],[제품명]]) -> 0 | T11: =COUNTIF(사출계획!$O$62:$P$110,표4[[#This Row],[제품명]]) -> 0 | U11: =COUNTIF(사출계획!$O$62:$P$87,표4[[#This Row],[제품명]]) -> 0 | V11: =COUNTIF(사출계획!$O$88:$P$110,표4[[#This Row],[제품명]]) -> 0 | W11: =COUNTIF(사출계획!$Q$62:$R$110,표4[[#This Row],[제품명]]) -> 0 | X11: =COUNTIF(사출계획!$Q$62:$R$87,표4[[#This Row],[제품명]]) -> 0 | Y11: =COUNTIF(사출계획!$Q$88:$R$110,표4[[#This Row],[제품명]]) -> 0 | Z11: =COUNTIF(사출계획!$S$62:$T$110,표4[[#This Row],[제품명]]) -> 0 | AC11: AMARYLLIS | AD11: =SUMIF(표4[잉크명],표5[[#This Row],[잉크]],표4[월]) -> 0 | AE11: =SUMIF(표4[잉크명],표5[[#This Row],[잉크]],표4[월-3층]) -> 0 | AF11: =SUMIF(표4[잉크명],표5[[#This Row],[잉크]],표4[월-1층]) -> 0 | AG11: =SUMIF(표4[잉크명],표5[[#This Row],[잉크]],표4[화]) -> 0 | AH11: =SUMIF(표4[잉크명],표5[[#This Row],[잉크]],표4[화-3층]) -> 0 | AI11: =SUMIF(표4[잉크명],표5[[#This Row],[잉크]],표4[화-1층]) -> 0 | AJ11: =SUMIF(표4[잉크명],표5[[#This Row],[잉크]],표4[수]) -> 0 | AK11: =SUMIF(표4[잉크명],표5[[#This Row],[잉크]],표4[수-3층]) -> 0 | AL11: =SUMIF(표4[잉크명],표5[[#This Row],[잉크]],표4[수-1층]) -> 0 | AM11: =SUMIF(표4[잉크명],표5[[#This Row],[잉크]],표4[목]) -> 0 | AN11: =SUMIF(표4[잉크명],표5[[#This Row],[잉크]],표4[목-3층]) -> 0 | AO11: =SUMIF(표4[잉크명],표5[[#This Row],[잉크]],표4[목-1층]) -> 0 | AP11: =SUMIF(표4[잉크명],표5[[#This Row],[잉크]],표4[금]) -> 0 | AQ11: =SUMIF(표4[잉크명],표5[[#This Row],[잉크]],표4[금-3층]) -> 0 | AR11: =SUMIF(표4[잉크명],표5[[#This Row],[잉크]],표4[금-1층]) -> 0 | AS11: =SUMIF(표4[잉크명],표5[[#This Row],[잉크]],표4[토]) -> 0 | AT11: =SUMIF(표4[잉크명],표5[[#This Row],[잉크]],표4[토-3층]) -> 0 | AU11: =SUMIF(표4[잉크명],표5[[#This Row],[잉크]],표4[토-1층]) -> 0 | AV11: =SUMIF(표4[잉크명],표5[[#This Row],[잉크]],표4[일]) -> 0 | AW11: =SUMIF(표4[잉크명],표5[[#This Row],[잉크]],표4[일-3층]) -> 0 | AX11: =SUMIF(표4[잉크명],표5[[#This Row],[잉크]],표4[일-1층]) -> 0 | AY11: =SUMIF(표4[잉크명],표5[[#This Row],[잉크]],표4[차주 월]) -> 0 | AZ11: =SUM(표5[[#This Row],[월]:[차주 월]]) -> 0
B12: NELLY BROWN | D12: CARAMEL | E12: =COUNTIF(사출계획!$E$62:$F$110,표4[[#This Row],[제품명]]) -> 0 | F12: =COUNTIF(사출계획!$E$62:$F$87,표4[[#This Row],[제품명]]) -> 0 | G12: =COUNTIF(사출계획!$E$88:$F$110,표4[[#This Row],[제품명]]) -> 0 | H12: =COUNTIF(사출계획!$G$62:$H$110,표4[[#This Row],[제품명]]) -> 0 | I12: =COUNTIF(사출계획!$G$62:$H$87,표4[[#This Row],[제품명]]) -> 0 | J12: =COUNTIF(사출계획!$G$88:$H$110,표4[[#This Row],[제품명]]) -> 0 | K12: =COUNTIF(사출계획!$I$62:$J$110,표4[[#This Row],[제품명]]) -> 0 | L12: =COUNTIF(사출계획!$I$62:$J$87,표4[[#This Row],[제품명]]) -> 0 | M12: =COUNTIF(사출계획!$I$88:$J$110,표4[[#This Row],[제품명]]) -> 0 | N12: =COUNTIF(사출계획!$K$62:$L$110,표4[[#This Row],[제품명]]) -> 0 | O12: =COUNTIF(사출계획!$K$62:$L$87,표4[[#This Row],[제품명]]) -> 0 | P12: =COUNTIF(사출계획!$K$88:$L$110,표4[[#This Row],[제품명]]) -> 0 | Q12: =COUNTIF(사출계획!$M$62:$N$110,표4[[#This Row],[제품명]]) -> 0 | R12: =COUNTIF(사출계획!$M$62:$N$87,표4[[#This Row],[제품명]]) -> 0 | S12: =COUNTIF(사출계획!$M$88:$N$110,표4[[#This Row],[제품명]]) -> 0 | T12: =COUNTIF(사출계획!$O$62:$P$110,표4[[#This Row],[제품명]]) -> 0 | U12: =COUNTIF(사출계획!$O$62:$P$87,표4[[#This Row],[제품명]]) -> 0 | V12: =COUNTIF(사출계획!$O$88:$P$110,표4[[#This Row],[제품명]]) -> 0 | W12: =COUNTIF(사출계획!$Q$62:$R$110,표4[[#This Row],[제품명]]) -> 0 | X12: =COUNTIF(사출계획!$Q$62:$R$87,표4[[#This Row],[제품명]]) -> 0 | Y12: =COUNTIF(사출계획!$Q$88:$R$110,표4[[#This Row],[제품명]]) -> 0 | Z12: =COUNTIF(사출계획!$S$62:$T$110,표4[[#This Row],[제품명]]) -> 0 | AC12: AMAZONIA | AD12: =SUMIF(표4[잉크명],표5[[#This Row],[잉크]],표4[월]) -> 0 | AE12: =SUMIF(표4[잉크명],표5[[#This Row],[잉크]],표4[월-3층]) -> 0 | AF12: =SUMIF(표4[잉크명],표5[[#This Row],[잉크]],표4[월-1층]) -> 0 | AG12: =SUMIF(표4[잉크명],표5[[#This Row],[잉크]],표4[화]) -> 0 | AH12: =SUMIF(표4[잉크명],표5[[#This Row],[잉크]],표4[화-3층]) -> 0 | AI12: =SUMIF(표4[잉크명],표5[[#This Row],[잉크]],표4[화-1층]) -> 0 | AJ12: =SUMIF(표4[잉크명],표5[[#This Row],[잉크]],표4[수]) -> 0 | AK12: =SUMIF(표4[잉크명],표5[[#This Row],[잉크]],표4[수-3층]) -> 0 | AL12: =SUMIF(표4[잉크명],표5[[#This Row],[잉크]],표4[수-1층]) -> 0 | AM12: =SUMIF(표4[잉크명],표5[[#This Row],[잉크]],표4[목]) -> 0 | AN12: =SUMIF(표4[잉크명],표5[[#This Row],[잉크]],표4[목-3층]) -> 0 | AO12: =SUMIF(표4[잉크명],표5[[#This Row],[잉크]],표4[목-1층]) -> 0 | AP12: =SUMIF(표4[잉크명],표5[[#This Row],[잉크]],표4[금]) -> 0 | AQ12: =SUMIF(표4[잉크명],표5[[#This Row],[잉크]],표4[금-3층]) -> 0 | AR12: =SUMIF(표4[잉크명],표5[[#This Row],[잉크]],표4[금-1층]) -> 0 | AS12: =SUMIF(표4[잉크명],표5[[#This Row],[잉크]],표4[토]) -> 0 | AT12: =SUMIF(표4[잉크명],표5[[#This Row],[잉크]],표4[토-3층]) -> 0 | AU12: =SUMIF(표4[잉크명],표5[[#This Row],[잉크]],표4[토-1층]) -> 0 | AV12: =SUMIF(표4[잉크명],표5[[#This Row],[잉크]],표4[일]) -> 0 | AW12: =SUMIF(표4[잉크명],표5[[#This Row],[잉크]],표4[일-3층]) -> 0 | AX12: =SUMIF(표4[잉크명],표5[[#This Row],[잉크]],표4[일-1층]) -> 0 | AY12: =SUMIF(표4[잉크명],표5[[#This Row],[잉크]],표4[차주 월]) -> 0 | AZ12: =SUM(표5[[#This Row],[월]:[차주 월]]) -> 0
B13: Ice gray | D13: LICORICE | E13: =COUNTIF(사출계획!$E$62:$F$110,표4[[#This Row],[제품명]]) -> 0 | F13: =COUNTIF(사출계획!$E$62:$F$87,표4[[#This Row],[제품명]]) -> 0 | G13: =COUNTIF(사출계획!$E$88:$F$110,표4[[#This Row],[제품명]]) -> 0 | H13: =COUNTIF(사출계획!$G$62:$H$110,표4[[#This Row],[제품명]]) -> 0 | I13: =COUNTIF(사출계획!$G$62:$H$87,표4[[#This Row],[제품명]]) -> 0 | J13: =COUNTIF(사출계획!$G$88:$H$110,표4[[#This Row],[제품명]]) -> 0 | K13: =COUNTIF(사출계획!$I$62:$J$110,표4[[#This Row],[제품명]]) -> 0 | L13: =COUNTIF(사출계획!$I$62:$J$87,표4[[#This Row],[제품명]]) -> 0 | M13: =COUNTIF(사출계획!$I$88:$J$110,표4[[#This Row],[제품명]]) -> 0 | N13: =COUNTIF(사출계획!$K$62:$L$110,표4[[#This Row],[제품명]]) -> 0 | O13: =COUNTIF(사출계획!$K$62:$L$87,표4[[#This Row],[제품명]]) -> 0 | P13: =COUNTIF(사출계획!$K$88:$L$110,표4[[#This Row],[제품명]]) -> 0 | Q13: =COUNTIF(사출계획!$M$62:$N$110,표4[[#This Row],[제품명]]) -> 0 | R13: =COUNTIF(사출계획!$M$62:$N$87,표4[[#This Row],[제품명]]) -> 0 | S13: =COUNTIF(사출계획!$M$88:$N$110,표4[[#This Row],[제품명]]) -> 0 | T13: =COUNTIF(사출계획!$O$62:$P$110,표4[[#This Row],[제품명]]) -> 0 | U13: =COUNTIF(사출계획!$O$62:$P$87,표4[[#This Row],[제품명]]) -> 0 | V13: =COUNTIF(사출계획!$O$88:$P$110,표4[[#This Row],[제품명]]) -> 0 | W13: =COUNTIF(사출계획!$Q$62:$R$110,표4[[#This Row],[제품명]]) -> 0 | X13: =COUNTIF(사출계획!$Q$62:$R$87,표4[[#This Row],[제품명]]) -> 0 | Y13: =COUNTIF(사출계획!$Q$88:$R$110,표4[[#This Row],[제품명]]) -> 0 | Z13: =COUNTIF(사출계획!$S$62:$T$110,표4[[#This Row],[제품명]]) -> 0 | AC13: AMEMONE | AD13: =SUMIF(표4[잉크명],표5[[#This Row],[잉크]],표4[월]) -> 0 | AE13: =SUMIF(표4[잉크명],표5[[#This Row],[잉크]],표4[월-3층]) -> 0 | AF13: =SUMIF(표4[잉크명],표5[[#This Row],[잉크]],표4[월-1층]) -> 0 | AG13: =SUMIF(표4[잉크명],표5[[#This Row],[잉크]],표4[화]) -> 0 | AH13: =SUMIF(표4[잉크명],표5[[#This Row],[잉크]],표4[화-3층]) -> 0 | AI13: =SUMIF(표4[잉크명],표5[[#This Row],[잉크]],표4[화-1층]) -> 0 | AJ13: =SUMIF(표4[잉크명],표5[[#This Row],[잉크]],표4[수]) -> 0 | AK13: =SUMIF(표4[잉크명],표5[[#This Row],[잉크]],표4[수-3층]) -> 0 | AL13: =SUMIF(표4[잉크명],표5[[#This Row],[잉크]],표4[수-1층]) -> 0 | AM13: =SUMIF(표4[잉크명],표5[[#This Row],[잉크]],표4[목]) -> 0 | AN13: =SUMIF(표4[잉크명],표5[[#This Row],[잉크]],표4[목-3층]) -> 0 | AO13: =SUMIF(표4[잉크명],표5[[#This Row],[잉크]],표4[목-1층]) -> 0 | AP13: =SUMIF(표4[잉크명],표5[[#This Row],[잉크]],표4[금]) -> 0 | AQ13: =SUMIF(표4[잉크명],표5[[#This Row],[잉크]],표4[금-3층]) -> 0 | AR13: =SUMIF(표4[잉크명],표5[[#This Row],[잉크]],표4[금-1층]) -> 0 | AS13: =SUMIF(표4[잉크명],표5[[#This Row],[잉크]],표4[토]) -> 0 | AT13: =SUMIF(표4[잉크명],표5[[#This Row],[잉크]],표4[토-3층]) -> 0 | AU13: =SUMIF(표4[잉크명],표5[[#This Row],[잉크]],표4[토-1층]) -> 0 | AV13: =SUMIF(표4[잉크명],표5[[#This Row],[잉크]],표4[일]) -> 0 | AW13: =SUMIF(표4[잉크명],표5[[#This Row],[잉크]],표4[일-3층]) -> 0 | AX13: =SUMIF(표4[잉크명],표5[[#This Row],[잉크]],표4[일-1층]) -> 0 | AY13: =SUMIF(표4[잉크명],표5[[#This Row],[잉크]],표4[차주 월]) -> 0 | AZ13: =SUM(표5[[#This Row],[월]:[차주 월]]) -> 0
